Event,Latitude,Longitude,Date/Time,Station,Depth water [m],Rack no,Cover live cor [%],Cover rock [%],Sand [#],Cover dead cor [%],Cover rubble [%],ID (Quadrat ID),Part desc,Family,Species common,Species UID,Species UID (Semantic URI),Species UID (URI),Fish TL [mm] (Elaborated after Neuswanger e...),Fish wm [g] (Derived from the measured len...),ID (Fish ID),Entry time (Elaborated after Neuswanger e...),Exit time (Elaborated after Neuswanger e...),Bites [#] (Elaborated after Neuswanger e...),Bite dist [mm] (Elaborated after Neuswanger e...),Time frame [s] (Elaborated after Neuswanger e...),Bite rate [#/min] (Elaborated after Neuswanger e...),Benthos grazed,Corals grazed,Species UID (Corals grazed),Species UID (Semantic URI) (Corals grazed),Species UID (URI) (Corals grazed),Forage
Gulf_of_Aqaba_HRS,29.5017,34.9174,2018-03-08T16:30,HRS,3,1,4.2,4.9,15.5,12.5,62.9,HRS 1,1.3,Acanthuridae,Yellowtail tang,Zebrasoma xanthurum,urn:lsid:marinespecies.org:taxname:219681,https://www.marinespecies.org/aphia.php?p=taxdetails&id=219681,139.79,57.61915405,ZX1,8.19.55089,9.09.51044,12,171.11,49.96,14.41,Algal covered rock,,,,,1.538461538
Gulf_of_Aqaba_HRS,29.5017,34.9174,2018-03-08T16:30,HRS,3,1,4.2,4.9,15.5,12.5,62.9,HRS 1,1.4,Acanthuridae,Yellowtail tang,Zebrasoma xanthurum,urn:lsid:marinespecies.org:taxname:219681,https://www.marinespecies.org/aphia.php?p=taxdetails&id=219681,139.79,57.52082785,ZX1,7.28.50788,7.47.343,4,81.82,18.84,12.74,Algal covered rock,,,,,0.512820513
Gulf_of_Aqaba_HRS,29.5017,34.9174,2018-03-08T16:30,HRS,3,2,8,2.1,14.4,14.7,60.7,HRS 2,2.3,Acanthuridae,Yellowtail tang,Zebrasoma xanthurum,urn:lsid:marinespecies.org:taxname:219681,https://www.marinespecies.org/aphia.php?p=taxdetails&id=219681,140.1985,58.01979954,ZX2,4.29.39089,4.31.43038,8,12.77,2.04,235.35,Algal covered rock,,,,,1.025641026
Gulf_of_Aqaba_HRS,29.5017,34.9174,2018-03-08T16:30,HRS,3,2,8,2.1,14.4,14.7,60.7,HRS 2,2.3,Acanthuridae,Yellowtail tang,Zebrasoma xanthurum,urn:lsid:marinespecies.org:taxname:219681,https://www.marinespecies.org/aphia.php?p=taxdetails&id=219681,140.1985,58.01979954,ZX2,10.29.35228,10.31.27597,1,24.8,1.92,31.19,Sand,,,,,0.091743119
Gulf_of_Aqaba_HRS,29.5017,34.9174,2018-03-08T16:30,HRS,3,2,8,2.1,14.4,14.7,60.7,HRS 2,2.3,Acanthuridae,Yellowtail tang,Zebrasoma xanthurum,urn:lsid:marinespecies.org:taxname:219681,https://www.marinespecies.org/aphia.php?p=taxdetails&id=219681,140.1985,58.01979954,ZX2,10.31.27597,10.34.43736,3,36.18,3.16,56.94,Algal covered rock,,,,,0.384615385
Gulf_of_Aqaba_HRS,29.5017,34.9174,2018-03-08T16:30,HRS,3,2,8,2.1,14.4,14.7,60.7,HRS 2,2.3,Acanthuridae,Yellowtail tang,Zebrasoma xanthurum,urn:lsid:marinespecies.org:taxname:219681,https://www.marinespecies.org/aphia.php?p=taxdetails&id=219681,140.1985,58.01979954,ZX2,16.16.20644,16.25.51546,2,22.88,9.31,12.89,Dead coral,,Stylophora pistillata,urn:lsid:marinespecies.org:taxname:206982,https://www.marinespecies.org/aphia.php?p=taxdetails&id=206982,0.121212121
Gulf_of_Aqaba_NR1,29.505,34.919,2018-03-12T13:25,NR1,2,2,1.6,15.8,13.7,9.7,59.2,NR1 2,2.1,Acanthuridae,Yellowtail tang,Zebrasoma xanthurum,urn:lsid:marinespecies.org:taxname:219681,https://www.marinespecies.org/aphia.php?p=taxdetails&id=219681,154.8239,77.82808536,ZX3,14.43.30529,14.54.52199,5,56.75,11.22,26.75,Algal covered rock,,,,,0.641025641
Gulf_of_Aqaba_NR1,29.505,34.919,2018-03-12T13:25,NR1,2,2,1.6,15.8,13.7,9.7,59.2,NR1 2,2.1,Acanthuridae,Yellowtail tang,Zebrasoma xanthurum,urn:lsid:marinespecies.org:taxname:219681,https://www.marinespecies.org/aphia.php?p=taxdetails&id=219681,154.8239,77.82808536,ZX3,16.48.9555,17.03.41526,13,,14.46,53.94,,,,,,
Gulf_of_Aqaba_NR1,29.505,34.919,2018-03-12T13:25,NR1,2,2,1.6,15.8,13.7,9.7,59.2,NR1 2,2.3,Acanthuridae,Yellowtail tang,Zebrasoma xanthurum,urn:lsid:marinespecies.org:taxname:219681,https://www.marinespecies.org/aphia.php?p=taxdetails&id=219681,154.8239,77.82808536,ZX3,4.00.7613,4.13.31515,14,136.81,12.55,66.91,Live coral,,Stylophora pistillata,urn:lsid:marinespecies.org:taxname:206982,https://www.marinespecies.org/aphia.php?p=taxdetails&id=206982,1.308411215
Gulf_of_Aqaba_NR1,29.505,34.919,2018-03-12T13:25,NR1,2,2,1.6,15.8,13.7,9.7,59.2,NR1 2,2.3,Acanthuridae,Yellowtail tang,Zebrasoma xanthurum,urn:lsid:marinespecies.org:taxname:219681,https://www.marinespecies.org/aphia.php?p=taxdetails&id=219681,154.8239,77.82808536,ZX3,7.49.27274,8.53.56105,40,103.43,64.29,37.33,Algal covered rock,,,,,5.128205128
Gulf_of_Aqaba_NR1,29.505,34.919,2018-03-12T13:25,NR1,2,2,1.6,15.8,13.7,9.7,59.2,NR1 2,2.3,Acanthuridae,Yellowtail tang,Zebrasoma xanthurum,urn:lsid:marinespecies.org:taxname:219681,https://www.marinespecies.org/aphia.php?p=taxdetails&id=219681,154.8239,77.82808536,ZX3,9.36.17397,9.44.2944,8,81.59,8.12,59.11,Algal covered rock,,,,,1.025641026
Gulf_of_Aqaba_NR1,29.505,34.919,2018-03-12T13:25,NR1,2,2,1.6,15.8,13.7,9.7,59.2,NR1 2,2.3,Acanthuridae,Yellowtail tang,Zebrasoma xanthurum,urn:lsid:marinespecies.org:taxname:219681,https://www.marinespecies.org/aphia.php?p=taxdetails&id=219681,154.8239,77.82808536,ZX3,9.44.2944,10.12.63,7,74.8,28.33,14.83,Live coral,,Stylophora pistillata,urn:lsid:marinespecies.org:taxname:206982,https://www.marinespecies.org/aphia.php?p=taxdetails&id=206982,0.654205607
Gulf_of_Aqaba_NR1,29.505,34.919,2018-03-12T13:25,NR1,2,2,1.6,15.8,13.7,9.7,59.2,NR1 2,2.3,Acanthuridae,Yellowtail tang,Zebrasoma xanthurum,urn:lsid:marinespecies.org:taxname:219681,https://www.marinespecies.org/aphia.php?p=taxdetails&id=219681,154.8239,77.82808536,ZX3,9.36.17397,9.45.35545,5,134.52,9.18,32.67,Algal covered rock,,,,,0.641025641
Gulf_of_Aqaba_NR1,29.505,34.919,2018-03-12T13:25,NR1,2,2,1.6,15.8,13.7,9.7,59.2,NR1 2,2.3,Acanthuridae,Yellowtail tang,Zebrasoma xanthurum,urn:lsid:marinespecies.org:taxname:219681,https://www.marinespecies.org/aphia.php?p=taxdetails&id=219681,154.8239,77.82808536,ZX3,9.45.35545,10.01.40346,7,161.57,16.05,26.17,Live coral,,Stylophora pistillata,urn:lsid:marinespecies.org:taxname:206982,https://www.marinespecies.org/aphia.php?p=taxdetails&id=206982,0.654205607
Gulf_of_Aqaba_NR1,29.505,34.919,2018-03-12T13:25,NR1,2,2,1.6,15.8,13.7,9.7,59.2,NR1 2,2.3,Acanthuridae,Yellowtail tang,Zebrasoma xanthurum,urn:lsid:marinespecies.org:taxname:219681,https://www.marinespecies.org/aphia.php?p=taxdetails&id=219681,154.8239,77.82808536,ZX3,10.01.40346,10.12.63,13,103.1,11.22,69.5,Algal covered rock,,,,,1.666666667
Gulf_of_Aqaba_NR1,29.505,34.919,2018-03-12T13:25,NR1,2,2,1.6,15.8,13.7,9.7,59.2,NR1 2,2.4,Acanthuridae,Yellowtail tang,Zebrasoma xanthurum,urn:lsid:marinespecies.org:taxname:219681,https://www.marinespecies.org/aphia.php?p=taxdetails&id=219681,154.8239,77.82808536,ZX3,12.44185,35.6711,29,98.63,23.23,74.91,Algal covered rubble,,,,,0.536044362
Gulf_of_Aqaba_NR1,29.505,34.919,2018-03-12T13:25,NR1,2,2,1.6,15.8,13.7,9.7,59.2,NR1 2,2.7,Acanthuridae,Yellowtail tang,Zebrasoma xanthurum,urn:lsid:marinespecies.org:taxname:219681,https://www.marinespecies.org/aphia.php?p=taxdetails&id=219681,154.8239,77.82808536,ZX3,6.55.42059,7.47.50064,17,79.67,52.08,19.59,Algal covered rock,,,,,2.179487179
Gulf_of_Aqaba_NR1,29.505,34.919,2018-03-12T13:25,NR1,2,2,1.6,15.8,13.7,9.7,59.2,NR1 2,2.1,Acanthuridae,Yellowtail tang,Zebrasoma xanthurum,urn:lsid:marinespecies.org:taxname:219681,https://www.marinespecies.org/aphia.php?p=taxdetails&id=219681,148.2958,68.51051892,ZX4,15.28.37399,15.56.55119,11,167.86,28.18,23.42,Algal covered rock,,,,,1.41025641
Gulf_of_Aqaba_NR1,29.505,34.919,2018-03-12T13:25,NR1,2,2,1.6,15.8,13.7,9.7,59.2,NR1 2,2.1,Acanthuridae,Yellowtail tang,Zebrasoma xanthurum,urn:lsid:marinespecies.org:taxname:219681,https://www.marinespecies.org/aphia.php?p=taxdetails&id=219681,148.2958,68.51051892,ZX4,17.32.43859,17.39.37084,6,40.7,6.93,51.93,Dead coral,,Stylophora pistillata,urn:lsid:marinespecies.org:taxname:206982,https://www.marinespecies.org/aphia.php?p=taxdetails&id=206982,0.363636364
Gulf_of_Aqaba_NR1,29.505,34.919,2018-03-12T13:25,NR1,2,2,1.6,15.8,13.7,9.7,59.2,NR1 2,2.1,Acanthuridae,Yellowtail tang,Zebrasoma xanthurum,urn:lsid:marinespecies.org:taxname:219681,https://www.marinespecies.org/aphia.php?p=taxdetails&id=219681,148.2958,68.51051892,ZX4,8.24.18855,8.46.52069,4,135.17,22.33,10.75,Algal covered rock,,,,,0.512820513
Gulf_of_Aqaba_NR1,29.505,34.919,2018-03-12T13:25,NR1,2,2,1.6,15.8,13.7,9.7,59.2,NR1 2,2.3,Acanthuridae,Yellowtail tang,Zebrasoma xanthurum,urn:lsid:marinespecies.org:taxname:219681,https://www.marinespecies.org/aphia.php?p=taxdetails&id=219681,148.2958,68.51051892,ZX4,4.39.40687,5.01.1522,9,,21.75,24.83,,,,,,
Gulf_of_Aqaba_NR1,29.505,34.919,2018-03-12T13:25,NR1,2,2,1.6,15.8,13.7,9.7,59.2,NR1 2,2.3,Acanthuridae,Yellowtail tang,Zebrasoma xanthurum,urn:lsid:marinespecies.org:taxname:219681,https://www.marinespecies.org/aphia.php?p=taxdetails&id=219681,148.2958,68.51051892,ZX4,8.55.44002,9.15.45289,11,204.85,20.01,32.98,Algal covered rock,,,,,1.41025641
Gulf_of_Aqaba_NR1,29.505,34.919,2018-03-12T13:25,NR1,2,2,1.6,15.8,13.7,9.7,59.2,NR1 2,2.4,Acanthuridae,Yellowtail tang,Zebrasoma xanthurum,urn:lsid:marinespecies.org:taxname:219681,https://www.marinespecies.org/aphia.php?p=taxdetails&id=219681,148.2958,68.51051892,ZX4,1.12.49103,1.46.44984,17,83,33.96,30.04,Algal covered rock,,,,,2.179487179
Gulf_of_Aqaba_NR1,29.505,34.919,2018-03-12T13:25,NR1,2,2,1.6,15.8,13.7,9.7,59.2,NR1 2,2.2,Acanthuridae,Yellowtail tang,Zebrasoma xanthurum,urn:lsid:marinespecies.org:taxname:219681,https://www.marinespecies.org/aphia.php?p=taxdetails&id=219681,150.0289,70.9077387,ZX5,2.26.32067,2.43.45843,5,78.85,17.14,17.51,Live coral,,Favia favus,urn:lsid:marinespecies.org:taxname:207435,https://www.marinespecies.org/aphia.php?p=taxdetails&id=207435,0.46728972
Gulf_of_Aqaba_NR1,29.505,34.919,2018-03-12T13:25,NR1,2,2,1.6,15.8,13.7,9.7,59.2,NR1 2,2.2,Acanthuridae,Yellowtail tang,Zebrasoma xanthurum,urn:lsid:marinespecies.org:taxname:219681,https://www.marinespecies.org/aphia.php?p=taxdetails&id=219681,150.0289,70.9077387,ZX5,2.43.45843,2.50.46947,7,86.8,7.01,59.91,Algal covered rock,,,,,0.897435897
Gulf_of_Aqaba_NR1,29.505,34.919,2018-03-12T13:25,NR1,2,2,1.6,15.8,13.7,9.7,59.2,NR1 2,2.2,Acanthuridae,Yellowtail tang,Zebrasoma xanthurum,urn:lsid:marinespecies.org:taxname:219681,https://www.marinespecies.org/aphia.php?p=taxdetails&id=219681,150.0289,70.9077387,ZX5,2.56.32020,3.20.32315,11,62.66,24,27.5,Algal covered rock,,,,,1.41025641
Gulf_of_Aqaba_NR1,29.505,34.919,2018-03-12T13:25,NR1,2,2,1.6,15.8,13.7,9.7,59.2,NR1 2,2.2,Acanthuridae,Yellowtail tang,Zebrasoma xanthurum,urn:lsid:marinespecies.org:taxname:219681,https://www.marinespecies.org/aphia.php?p=taxdetails&id=219681,150.0289,70.9077387,ZX5,3.59.39128,4.02.19314,1,,2.8,21.41,Algal covered rock,,,,,0.128205128
Gulf_of_Aqaba_NR1,29.505,34.919,2018-03-12T13:25,NR1,2,2,1.6,15.8,13.7,9.7,59.2,NR1 2,2.2,Acanthuridae,Yellowtail tang,Zebrasoma xanthurum,urn:lsid:marinespecies.org:taxname:219681,https://www.marinespecies.org/aphia.php?p=taxdetails&id=219681,150.0289,70.9077387,ZX5,5.07.57641,5.17.7725,5,49.75,10.2,29.42,Algal covered rock,,,,,0.641025641
Gulf_of_Aqaba_NR1,29.505,34.919,2018-03-12T13:25,NR1,2,2,1.6,15.8,13.7,9.7,59.2,NR1 2,2.2,Acanthuridae,Yellowtail tang,Zebrasoma xanthurum,urn:lsid:marinespecies.org:taxname:219681,https://www.marinespecies.org/aphia.php?p=taxdetails&id=219681,150.0289,70.9077387,ZX5,6.11.39174,6.23.28823,6,89.88,11.9,30.26,Algal covered rock,,,,,0.769230769
Gulf_of_Aqaba_NR1,29.505,34.919,2018-03-12T13:25,NR1,2,2,1.6,15.8,13.7,9.7,59.2,NR1 2,2.2,Acanthuridae,Yellowtail tang,Zebrasoma xanthurum,urn:lsid:marinespecies.org:taxname:219681,https://www.marinespecies.org/aphia.php?p=taxdetails&id=219681,150.0289,70.9077387,ZX5,12.00.19493,12.17.35052,7,67.9,17.35,24.21,Algal covered rock,,,,,0.897435897
Gulf_of_Aqaba_NR1,29.505,34.919,2018-03-12T13:25,NR1,2,2,1.6,15.8,13.7,9.7,59.2,NR1 2,2.3,Acanthuridae,Striated surgeonfish,Ctenochaetus striatus,urn:lsid:marinespecies.org:taxname:219659,https://www.marinespecies.org/aphia.php?p=taxdetails&id=219659,125.1546,53.47427017,CS1,7.34.53679,7.44.23225,1,,9.7,6.19,Algal covered rock,,,,,0.128205128
Gulf_of_Aqaba_NR1,29.505,34.919,2018-03-12T13:25,NR1,2,2,1.6,15.8,13.7,9.7,59.2,NR1 2,2.5,Acanthuridae,Striated surgeonfish,Ctenochaetus striatus,urn:lsid:marinespecies.org:taxname:219659,https://www.marinespecies.org/aphia.php?p=taxdetails&id=219659,125.1546,53.47427017,CS1,8.34.8721,8.51.31637,6,28.37,16.44,21.89,Dead coral,,Stylophora pistillata,urn:lsid:marinespecies.org:taxname:206982,https://www.marinespecies.org/aphia.php?p=taxdetails&id=206982,0.363636364
Gulf_of_Aqaba_NR1,29.505,34.919,2018-03-12T13:25,NR1,2,2,1.6,15.8,13.7,9.7,59.2,NR1 2,2.5,Acanthuridae,Striated surgeonfish,Ctenochaetus striatus,urn:lsid:marinespecies.org:taxname:219659,https://www.marinespecies.org/aphia.php?p=taxdetails&id=219659,125.1546,53.47427017,CS1,10.59.33805,11.06.43644,5,30.98,7.1,42.26,Dead coral,,Stylophora pistillata,urn:lsid:marinespecies.org:taxname:206982,https://www.marinespecies.org/aphia.php?p=taxdetails&id=206982,0.303030303
Gulf_of_Aqaba_NR1,29.505,34.919,2018-03-12T13:25,NR1,2,2,1.6,15.8,13.7,9.7,59.2,NR1 2,2.5,Acanthuridae,Striated surgeonfish,Ctenochaetus striatus,urn:lsid:marinespecies.org:taxname:219659,https://www.marinespecies.org/aphia.php?p=taxdetails&id=219659,222.6427,311.630169,CS2,12.33.56742,12.46.91391,5,74.9,13.35,22.48,Algal covered rock,,,,,0.641025641
Gulf_of_Aqaba_NR1,29.505,34.919,2018-03-12T13:25,NR1,2,2,1.6,15.8,13.7,9.7,59.2,NR1 2,2.5,Acanthuridae,Striated surgeonfish,Ctenochaetus striatus,urn:lsid:marinespecies.org:taxname:219659,https://www.marinespecies.org/aphia.php?p=taxdetails&id=219659,222.6427,311.630169,CS2,12.46.91391,12.52.57687,2,51.62,5.66,21.19,Live coral,,Stylophora pistillata,urn:lsid:marinespecies.org:taxname:206982,https://www.marinespecies.org/aphia.php?p=taxdetails&id=206982,0.186915888
Gulf_of_Aqaba_NR1,29.505,34.919,2018-03-12T13:25,NR1,2,2,1.6,15.8,13.7,9.7,59.2,NR1 2,2.5,Acanthuridae,Striated surgeonfish,Ctenochaetus striatus,urn:lsid:marinespecies.org:taxname:219659,https://www.marinespecies.org/aphia.php?p=taxdetails&id=219659,222.6427,311.630169,CS2,12.52.57687,13.14.15621,13,32.99,21.58,36.15,Dead coral,,Stylophora pistillata,urn:lsid:marinespecies.org:taxname:206982,https://www.marinespecies.org/aphia.php?p=taxdetails&id=206982,0.787878788
Gulf_of_Aqaba_NR1,29.505,34.919,2018-03-12T13:25,NR1,2,2,1.6,15.8,13.7,9.7,59.2,NR1 2,2.5,Acanthuridae,Striated surgeonfish,Ctenochaetus striatus,urn:lsid:marinespecies.org:taxname:219659,https://www.marinespecies.org/aphia.php?p=taxdetails&id=219659,222.6427,311.630169,CS2,13.14.15621,13.20.53085,11,76.81,6.37,103.54,Live coral,,Stylophora pistillata,urn:lsid:marinespecies.org:taxname:206982,https://www.marinespecies.org/aphia.php?p=taxdetails&id=206982,1.028037383
Gulf_of_Aqaba_NR1,29.505,34.919,2018-03-12T13:25,NR1,2,2,1.6,15.8,13.7,9.7,59.2,NR1 2,2.5,Acanthuridae,Striated surgeonfish,Ctenochaetus striatus,urn:lsid:marinespecies.org:taxname:219659,https://www.marinespecies.org/aphia.php?p=taxdetails&id=219659,222.6427,311.630169,CS2,13.20.53085,13.42.26479,4,66.8,21.73,11.04,Live coral,,Millepora,urn:lsid:marinespecies.org:taxname:205902,https://www.marinespecies.org/aphia.php?p=taxdetails&id=205902,0.373831776
Gulf_of_Aqaba_NR1,29.505,34.919,2018-03-12T13:25,NR1,2,3,7.1,4.6,55.5,1.3,31.6,NR1 3,3.4,Acanthuridae,Yellowtail tang,Zebrasoma xanthurum,urn:lsid:marinespecies.org:taxname:219681,https://www.marinespecies.org/aphia.php?p=taxdetails&id=219681,176.4778,114.661732,ZX6,6.31.25108,6.35.41335,1,,4.16,14.42,Sand,,,,,0.091743119
Gulf_of_Aqaba_NR1,29.505,34.919,2018-03-12T13:25,NR1,2,3,7.1,4.6,55.5,1.3,31.6,NR1 3,3.4,Acanthuridae,Yellowtail tang,Zebrasoma xanthurum,urn:lsid:marinespecies.org:taxname:219681,https://www.marinespecies.org/aphia.php?p=taxdetails&id=219681,176.4778,114.661732,ZX6,7.30.5297,7.35.6291,2,291.78,5.1,23.53,Algal covered rock,,,,,0.256410256
Gulf_of_Aqaba_NR1,29.505,34.919,2018-03-12T13:25,NR1,2,3,7.1,4.6,55.5,1.3,31.6,NR1 3,3.4,Acanthuridae,Yellowtail tang,Zebrasoma xanthurum,urn:lsid:marinespecies.org:taxname:219681,https://www.marinespecies.org/aphia.php?p=taxdetails&id=219681,176.4778,114.661732,ZX6,09.10.98,9.17.53463,5,72.79,6.93,43.26,Live coral,,Stylophora pistillata,urn:lsid:marinespecies.org:taxname:206982,https://www.marinespecies.org/aphia.php?p=taxdetails&id=206982,0.46728972
Gulf_of_Aqaba_NR1,29.505,34.919,2018-03-12T13:25,NR1,2,3,7.1,4.6,55.5,1.3,31.6,NR1 3,3.4,Acanthuridae,Yellowtail tang,Zebrasoma xanthurum,urn:lsid:marinespecies.org:taxname:219681,https://www.marinespecies.org/aphia.php?p=taxdetails&id=219681,176.4778,114.661732,ZX6,9.17.53463,9.28.45156,4,209.01,10.92,21.98,Algal covered rock,,,,,0.512820513
Gulf_of_Aqaba_NR1,29.505,34.919,2018-03-12T13:25,NR1,2,3,7.1,4.6,55.5,1.3,31.6,NR1 3,3.4,Acanthuridae,Yellowtail tang,Zebrasoma xanthurum,urn:lsid:marinespecies.org:taxname:219681,https://www.marinespecies.org/aphia.php?p=taxdetails&id=219681,176.4778,114.661732,ZX6,9.28.45156,9.35.25033,7,154.58,6.8,61.78,Dead coral,,Stylophora pistillata,urn:lsid:marinespecies.org:taxname:206982,https://www.marinespecies.org/aphia.php?p=taxdetails&id=206982,0.424242424
Gulf_of_Aqaba_NR1,29.505,34.919,2018-03-12T13:25,NR1,2,3,7.1,4.6,55.5,1.3,31.6,NR1 3,3.4,Acanthuridae,Yellowtail tang,Zebrasoma xanthurum,urn:lsid:marinespecies.org:taxname:219681,https://www.marinespecies.org/aphia.php?p=taxdetails&id=219681,176.4778,114.661732,ZX6,10.25.57572,10.30.58913,5,128.98,5.01,59.84,Algal covered rock,,,,,0.641025641
Gulf_of_Aqaba_NR1,29.505,34.919,2018-03-12T13:25,NR1,2,3,7.1,4.6,55.5,1.3,31.6,NR1 3,3.4,Acanthuridae,Yellowtail tang,Zebrasoma xanthurum,urn:lsid:marinespecies.org:taxname:219681,https://www.marinespecies.org/aphia.php?p=taxdetails&id=219681,176.4778,114.661732,ZX6,10.30.58913,10.45.4407,8,113.91,14.85,32.32,Dead coral,,Stylophora pistillata,urn:lsid:marinespecies.org:taxname:206982,https://www.marinespecies.org/aphia.php?p=taxdetails&id=206982,0.484848485
Gulf_of_Aqaba_NR1,29.505,34.919,2018-03-12T13:25,NR1,2,3,7.1,4.6,55.5,1.3,31.6,NR1 3,3.4,Acanthuridae,Yellowtail tang,Zebrasoma xanthurum,urn:lsid:marinespecies.org:taxname:219681,https://www.marinespecies.org/aphia.php?p=taxdetails&id=219681,176.4778,114.661732,ZX6,10.45.4407,11.55.35072,37,77.97,69.91,31.76,Algal covered rock,,,,,4.743589744
Gulf_of_Aqaba_NR1,29.505,34.919,2018-03-12T13:25,NR1,2,3,7.1,4.6,55.5,1.3,31.6,NR1 3,3.5,Acanthuridae,Yellowtail tang,Zebrasoma xanthurum,urn:lsid:marinespecies.org:taxname:219681,https://www.marinespecies.org/aphia.php?p=taxdetails&id=219681,176.4778,114.661732,ZX6,0.13.20719,0.17.5343,1,,4.33,13.87,Live coral,,Stylophora pistillata,urn:lsid:marinespecies.org:taxname:206982,https://www.marinespecies.org/aphia.php?p=taxdetails&id=206982,0.093457944
Gulf_of_Aqaba_NR1,29.505,34.919,2018-03-12T13:25,NR1,2,3,7.1,4.6,55.5,1.3,31.6,NR1 3,3.5,Acanthuridae,Yellowtail tang,Zebrasoma xanthurum,urn:lsid:marinespecies.org:taxname:219681,https://www.marinespecies.org/aphia.php?p=taxdetails&id=219681,176.4778,114.661732,ZX6,1.20.52928,2.03.13418,15,241.42,42.6,21.12,Algal covered rock,,,,,1.923076923
Gulf_of_Aqaba_NR1,29.505,34.919,2018-03-12T13:25,NR1,2,3,7.1,4.6,55.5,1.3,31.6,NR1 3,3.5,Acanthuridae,Yellowtail tang,Zebrasoma xanthurum,urn:lsid:marinespecies.org:taxname:219681,https://www.marinespecies.org/aphia.php?p=taxdetails&id=219681,176.4778,114.661732,ZX6,3.17.28961,3.27.11439,3,76.58,9.82,18.32,Dead coral,,Stylophora pistillata,urn:lsid:marinespecies.org:taxname:206982,https://www.marinespecies.org/aphia.php?p=taxdetails&id=206982,0.181818182
Gulf_of_Aqaba_NR1,29.505,34.919,2018-03-12T13:25,NR1,2,3,7.1,4.6,55.5,1.3,31.6,NR1 3,3.4,Acanthuridae,Yellowtail tang,Zebrasoma xanthurum,urn:lsid:marinespecies.org:taxname:219681,https://www.marinespecies.org/aphia.php?p=taxdetails&id=219681,173.3783,108.8028543,ZX7,10.17.31491,10.45.89449,9,72.79,28.58,18.89,Algal covered rock,,,,,1.153846154
Gulf_of_Aqaba_NR1,29.505,34.919,2018-03-12T13:25,NR1,2,3,7.1,4.6,55.5,1.3,31.6,NR1 3,3.5,Acanthuridae,Yellowtail tang,Zebrasoma xanthurum,urn:lsid:marinespecies.org:taxname:219681,https://www.marinespecies.org/aphia.php?p=taxdetails&id=219681,173.3783,108.8028543,ZX7,1.32.33882,1.37.36667,1,,5.03,11.93,Dead coral,,,,,0.060606061
Gulf_of_Aqaba_NR1,29.505,34.919,2018-03-12T13:25,NR1,2,3,7.1,4.6,55.5,1.3,31.6,NR1 3,3.5,Acanthuridae,Yellowtail tang,Zebrasoma xanthurum,urn:lsid:marinespecies.org:taxname:219681,https://www.marinespecies.org/aphia.php?p=taxdetails&id=219681,173.3783,108.8028543,ZX7,1.50.50935,2.00.20657,11,153.46,9.7,68.06,Sand,,,,,1.009174312
Gulf_of_Aqaba_NR1,29.505,34.919,2018-03-12T13:25,NR1,2,3,7.1,4.6,55.5,1.3,31.6,NR1 3,3.5,Acanthuridae,Yellowtail tang,Zebrasoma xanthurum,urn:lsid:marinespecies.org:taxname:219681,https://www.marinespecies.org/aphia.php?p=taxdetails&id=219681,173.3783,108.8028543,ZX7,2.41.32130,2.50.29151,7,133.81,8.97,46.82,Sand,,,,,0.642201835
Gulf_of_Aqaba_NR1,29.505,34.919,2018-03-12T13:25,NR1,2,3,7.1,4.6,55.5,1.3,31.6,NR1 3,3.5,Acanthuridae,Yellowtail tang,Zebrasoma xanthurum,urn:lsid:marinespecies.org:taxname:219681,https://www.marinespecies.org/aphia.php?p=taxdetails&id=219681,173.3783,108.8028543,ZX7,3.00.49220,3.10.39428,3,102.67,9.9,18.18,Algal covered rock,,,,,0.384615385
Gulf_of_Aqaba_NR1,29.505,34.919,2018-03-12T13:25,NR1,2,3,7.1,4.6,55.5,1.3,31.6,NR1 3,3.8,Acanthuridae,Yellowtail tang,Zebrasoma xanthurum,urn:lsid:marinespecies.org:taxname:219681,https://www.marinespecies.org/aphia.php?p=taxdetails&id=219681,182.4044,126.438803,ZX8,4.15.43560,5.00.31697,44,77.4,44.88,58.82,Dead coral,,Stylophora pistillata,urn:lsid:marinespecies.org:taxname:206982,https://www.marinespecies.org/aphia.php?p=taxdetails&id=206982,2.666666667
Gulf_of_Aqaba_NR1,29.505,34.919,2018-03-12T13:25,NR1,2,3,7.1,4.6,55.5,1.3,31.6,NR1 3,3.8,Acanthuridae,Yellowtail tang,Zebrasoma xanthurum,urn:lsid:marinespecies.org:taxname:219681,https://www.marinespecies.org/aphia.php?p=taxdetails&id=219681,182.4044,126.438803,ZX8,7.55.59755,8.25.11916,14,249.69,29.52,28.45,Algal covered rock,,,,,1.794871795
Gulf_of_Aqaba_NR1,29.505,34.919,2018-03-12T13:25,NR1,2,3,7.1,4.6,55.5,1.3,31.6,NR1 3,3.8,Acanthuridae,Yellowtail tang,Zebrasoma xanthurum,urn:lsid:marinespecies.org:taxname:219681,https://www.marinespecies.org/aphia.php?p=taxdetails&id=219681,159.9107,85.64328747,ZX9,5.16.22762,5.23.29182,1,,7.06,8.49,Sand,,,,,0.091743119
Gulf_of_Aqaba_NR1,29.505,34.919,2018-03-12T13:25,NR1,2,3,7.1,4.6,55.5,1.3,31.6,NR1 3,3.8,Acanthuridae,Yellowtail tang,Zebrasoma xanthurum,urn:lsid:marinespecies.org:taxname:219681,https://www.marinespecies.org/aphia.php?p=taxdetails&id=219681,159.9107,85.64328747,ZX9,6.52.50660,7.32.22963,25,220.08,39.72,37.76,Algal covered rock,,,,,3.205128205
Gulf_of_Aqaba_NR1,29.505,34.919,2018-03-12T13:25,NR1,2,3,7.1,4.6,55.5,1.3,31.6,NR1 3,3.8,Acanthuridae,Yellowtail tang,Zebrasoma xanthurum,urn:lsid:marinespecies.org:taxname:219681,https://www.marinespecies.org/aphia.php?p=taxdetails&id=219681,159.9107,85.64328747,ZX9,7.32.22963,7.43.25413,7,103,11.02,38.1,Sand,,,,,0.642201835
Gulf_of_Aqaba_NR1,29.505,34.919,2018-03-12T13:25,NR1,2,3,7.1,4.6,55.5,1.3,31.6,NR1 3,3.8,Acanthuridae,Yellowtail tang,Zebrasoma xanthurum,urn:lsid:marinespecies.org:taxname:219681,https://www.marinespecies.org/aphia.php?p=taxdetails&id=219681,159.9107,85.64328747,ZX9,9.08.53253,9.19.7042,8,127.35,11.17,42.97,Algal covered rock,,,,,1.025641026
Gulf_of_Aqaba_NR1,29.505,34.919,2018-03-12T13:25,NR1,2,3,7.1,4.6,55.5,1.3,31.6,NR1 3,3.1,Acanthuridae,Yellowtail tang,Zebrasoma xanthurum,urn:lsid:marinespecies.org:taxname:219681,https://www.marinespecies.org/aphia.php?p=taxdetails&id=219681,159.9107,85.64328747,ZX9,0.32.33956,0.50.3429,8,,18,26.66,Algal covered rock,,,,,1.025641026
Gulf_of_Aqaba_NR2,29.505,34.919,2018-03-13T15:25,NR2,2,1,14,10.5,3.1,11.5,61,NR2 1,1.1,Acanthuridae,Yellowtail tang,Zebrasoma xanthurum,urn:lsid:marinespecies.org:taxname:219681,https://www.marinespecies.org/aphia.php?p=taxdetails&id=219681,240.7594,287.5426589,ZX10,5.45.44411,5.56.29471,11,,10.85,60.83,,Unidentifiable,,,,
Gulf_of_Aqaba_NR2,29.505,34.919,2018-03-13T15:25,NR2,2,1,14,10.5,3.1,11.5,61,NR2 1,1.4,Acanthuridae,Yellowtail tang,Zebrasoma xanthurum,urn:lsid:marinespecies.org:taxname:219681,https://www.marinespecies.org/aphia.php?p=taxdetails&id=219681,250.6079,323.7727835,ZX11,14.50.41197,15.00.8070,6,,10.4,34.63,,,,,,
Gulf_of_Aqaba_NR2,29.505,34.919,2018-03-13T15:25,NR2,2,1,14,10.5,3.1,11.5,61,NR2 1,1.4,Acanthuridae,Yellowtail tang,Zebrasoma xanthurum,urn:lsid:marinespecies.org:taxname:219681,https://www.marinespecies.org/aphia.php?p=taxdetails&id=219681,250.6079,323.7727835,ZX11,16.48.14134,16.55.55043,3,147.77,7.41,24.29,Live coral,,Favites abdita,urn:lsid:marinespecies.org:taxname:207449,https://www.marinespecies.org/aphia.php?p=taxdetails&id=207449,0.280373832
Gulf_of_Aqaba_NR2,29.505,34.919,2018-03-13T15:25,NR2,2,1,14,10.5,3.1,11.5,61,NR2 1,1.4,Acanthuridae,Yellowtail tang,Zebrasoma xanthurum,urn:lsid:marinespecies.org:taxname:219681,https://www.marinespecies.org/aphia.php?p=taxdetails&id=219681,250.6079,323.7727835,ZX11,3.14.15347,3.39.78892,4,101.19,25.64,9.36,Live coral,,Favites abdita,urn:lsid:marinespecies.org:taxname:207449,https://www.marinespecies.org/aphia.php?p=taxdetails&id=207449,0.373831776
Gulf_of_Aqaba_NR2,29.505,34.919,2018-03-13T15:25,NR2,2,1,14,10.5,3.1,11.5,61,NR2 1,1.4,Acanthuridae,Yellowtail tang,Zebrasoma xanthurum,urn:lsid:marinespecies.org:taxname:219681,https://www.marinespecies.org/aphia.php?p=taxdetails&id=219681,250.6079,323.7727835,ZX11,3.39.78892,3.57.85711,1,,18.07,3.32,Live coral,,Stylophora pistillata,urn:lsid:marinespecies.org:taxname:206982,https://www.marinespecies.org/aphia.php?p=taxdetails&id=206982,0.093457944
Gulf_of_Aqaba_NR2,29.505,34.919,2018-03-13T15:25,NR2,2,1,14,10.5,3.1,11.5,61,NR2 1,1.4,Acanthuridae,Yellowtail tang,Zebrasoma xanthurum,urn:lsid:marinespecies.org:taxname:219681,https://www.marinespecies.org/aphia.php?p=taxdetails&id=219681,250.6079,323.7727835,ZX11,3.57.85711,4.11.34220,12,294.01,11.34,63.48,Algal covered rock,,,,,1.538461538
Gulf_of_Aqaba_NR2,29.505,34.919,2018-03-13T15:25,NR2,2,1,14,10.5,3.1,11.5,61,NR2 1,1.4,Acanthuridae,Yellowtail tang,Zebrasoma xanthurum,urn:lsid:marinespecies.org:taxname:219681,https://www.marinespecies.org/aphia.php?p=taxdetails&id=219681,250.6079,323.7727835,ZX11,4.11.34220,4.33.89007,4,80.43,22.55,10.64,Sand,,,,,0.366972477
Gulf_of_Aqaba_NR2,29.505,34.919,2018-03-13T15:25,NR2,2,1,14,10.5,3.1,11.5,61,NR2 1,1.4,Acanthuridae,Yellowtail tang,Zebrasoma xanthurum,urn:lsid:marinespecies.org:taxname:219681,https://www.marinespecies.org/aphia.php?p=taxdetails&id=219681,250.6079,323.7727835,ZX11,4.33.89007,4.46.14094,6,78.03,12.25,29.39,Algal covered rock,,,,,0.769230769
Gulf_of_Aqaba_NR2,29.505,34.919,2018-03-13T15:25,NR2,2,1,14,10.5,3.1,11.5,61,NR2 1,1.4,Acanthuridae,Yellowtail tang,Zebrasoma xanthurum,urn:lsid:marinespecies.org:taxname:219681,https://www.marinespecies.org/aphia.php?p=taxdetails&id=219681,220.8148,222.60723,ZX12,3.44.59355,04.06.21,1,,21.86,2.74,Live coral,,Stylophora pistillata,urn:lsid:marinespecies.org:taxname:206982,https://www.marinespecies.org/aphia.php?p=taxdetails&id=206982,0.093457944
Gulf_of_Aqaba_NR2,29.505,34.919,2018-03-13T15:25,NR2,2,1,14,10.5,3.1,11.5,61,NR2 1,1.5 to 1.6,Acanthuridae,Yellowtail tang,Zebrasoma xanthurum,urn:lsid:marinespecies.org:taxname:219681,https://www.marinespecies.org/aphia.php?p=taxdetails&id=219681,231.5251,256.1097874,ZX13,17.28.25859 (1.5) (end of 1.5 = 17.42),0.48.648 (1.6),15,126.7,52.58,17.12,Algal covered rock,,,,,1.923076923
Gulf_of_Aqaba_NR2,29.505,34.919,2018-03-13T15:25,NR2,2,1,14,10.5,3.1,11.5,61,NR2 1,1.6,Acanthuridae,Yellowtail tang,Zebrasoma xanthurum,urn:lsid:marinespecies.org:taxname:219681,https://www.marinespecies.org/aphia.php?p=taxdetails&id=219681,231.5251,256.1097874,ZX13,1.44.25584,1.50.95033,2,204.15,6.69,17.93,Algal covered rock,,,,,0.256410256
Gulf_of_Aqaba_NR2,29.505,34.919,2018-03-13T15:25,NR2,2,1,14,10.5,3.1,11.5,61,NR2 1,1.6,Acanthuridae,Yellowtail tang,Zebrasoma xanthurum,urn:lsid:marinespecies.org:taxname:219681,https://www.marinespecies.org/aphia.php?p=taxdetails&id=219681,231.5251,256.1097874,ZX13,1.50.95033,2.15.46950,11,229.2,24.52,26.92,Dead coral,,Stylophora pistillata,urn:lsid:marinespecies.org:taxname:206982,https://www.marinespecies.org/aphia.php?p=taxdetails&id=206982,0.666666667
Gulf_of_Aqaba_NR2,29.505,34.919,2018-03-13T15:25,NR2,2,1,14,10.5,3.1,11.5,61,NR2 1,1.6,Acanthuridae,Yellowtail tang,Zebrasoma xanthurum,urn:lsid:marinespecies.org:taxname:219681,https://www.marinespecies.org/aphia.php?p=taxdetails&id=219681,231.5251,256.1097874,ZX13,15.48.30973,16.15.53359,4,325.39,27.22,8.82,Algal covered rock,,,,,0.512820513
Gulf_of_Aqaba_NR2,29.505,34.919,2018-03-13T15:25,NR2,2,1,14,10.5,3.1,11.5,61,NR2 1,1.6,Acanthuridae,Yellowtail tang,Zebrasoma xanthurum,urn:lsid:marinespecies.org:taxname:219681,https://www.marinespecies.org/aphia.php?p=taxdetails&id=219681,231.5251,256.1097874,ZX13,16.15.53359,16.19.46696,1,,3.93,15.25,Live coral,,Favites abdita,urn:lsid:marinespecies.org:taxname:207449,https://www.marinespecies.org/aphia.php?p=taxdetails&id=207449,0.093457944
Gulf_of_Aqaba_NR2,29.505,34.919,2018-03-13T15:25,NR2,2,1,14,10.5,3.1,11.5,61,NR2 1,1.6,Acanthuridae,Yellowtail tang,Zebrasoma xanthurum,urn:lsid:marinespecies.org:taxname:219681,https://www.marinespecies.org/aphia.php?p=taxdetails&id=219681,231.5251,256.1097874,ZX13,16.19.46696,16.33.11071,1,,13.64,4.4,Dead coral,,Stylophora pistillata,urn:lsid:marinespecies.org:taxname:206982,https://www.marinespecies.org/aphia.php?p=taxdetails&id=206982,0.060606061
Gulf_of_Aqaba_NR2,29.505,34.919,2018-03-13T15:25,NR2,2,1,14,10.5,3.1,11.5,61,NR2 1,1.6,Acanthuridae,Yellowtail tang,Zebrasoma xanthurum,urn:lsid:marinespecies.org:taxname:219681,https://www.marinespecies.org/aphia.php?p=taxdetails&id=219681,231.5251,256.1097874,ZX13,16.06.39765,16.23.90115,3,195.01,17.5,10.28,Algal covered rock,,,,,0.384615385
Gulf_of_Aqaba_NR2,29.505,34.919,2018-03-13T15:25,NR2,2,1,14,10.5,3.1,11.5,61,NR2 1,1.6,Acanthuridae,Yellowtail tang,Zebrasoma xanthurum,urn:lsid:marinespecies.org:taxname:219681,https://www.marinespecies.org/aphia.php?p=taxdetails&id=219681,231.5251,256.1097874,ZX13,16.23.90115,16.30.35413,1,,6.45,9.3,Live coral,,Stylophora pistillata,urn:lsid:marinespecies.org:taxname:206982,https://www.marinespecies.org/aphia.php?p=taxdetails&id=206982,0.093457944
Gulf_of_Aqaba_NR2,29.505,34.919,2018-03-13T15:25,NR2,2,2,0,4.2,35.3,8,52.4,NR2 2,2.2,Acanthuridae,Yellowtail tang,Zebrasoma xanthurum,urn:lsid:marinespecies.org:taxname:219681,https://www.marinespecies.org/aphia.php?p=taxdetails&id=219681,145.9386,65.33705836,ZX14,15.24.4358,16.00.33375,20,78.7,51.57,23.27,Dead coral,Unidentifiable,,,,1.212121212
Gulf_of_Aqaba_NR2,29.505,34.919,2018-03-13T15:25,NR2,2,2,0,4.2,35.3,8,52.4,NR2 2,2.2,Acanthuridae,Yellowtail tang,Zebrasoma xanthurum,urn:lsid:marinespecies.org:taxname:219681,https://www.marinespecies.org/aphia.php?p=taxdetails&id=219681,117.7136,34.58300418,ZX15,16.00.22751,16.24.37850,21,101.83,24.15,52.17,Dead coral,Unidentifiable,,,,1.272727273
Gulf_of_Aqaba_NR2,29.505,34.919,2018-03-13T15:25,NR2,2,2,0,4.2,35.3,8,52.4,NR2 2,2.4,Acanthuridae,Yellowtail tang,Zebrasoma xanthurum,urn:lsid:marinespecies.org:taxname:219681,https://www.marinespecies.org/aphia.php?p=taxdetails&id=219681,170.7546,104.0011633,ZX16,8.34.19416,8.38.56514,6,61.65,4.37,82.36,Algal covered rock,,,,,0.769230769
Gulf_of_Aqaba_NR2,29.505,34.919,2018-03-13T15:25,NR2,2,2,0,4.2,35.3,8,52.4,NR2 2,2.5,Acanthuridae,Yellowtail tang,Zebrasoma xanthurum,urn:lsid:marinespecies.org:taxname:219681,https://www.marinespecies.org/aphia.php?p=taxdetails&id=219681,163.2673,91.07465216,ZX17,2.54.31210,3.01.11098,2,48.28,6.8,17.65,Algal covered rock,,,,,0.256410256
Gulf_of_Aqaba_NR2,29.505,34.919,2018-03-13T15:25,NR2,2,3,1.2,19.5,6.7,7.5,65,NR2 3,3.7,Acanthuridae,Yellowtail tang,Zebrasoma xanthurum,urn:lsid:marinespecies.org:taxname:219681,https://www.marinespecies.org/aphia.php?p=taxdetails&id=219681,191.0732,145.0665215,ZX18,0.43.14644,1.07.10311,14,196.12,23.96,35.06,Sand,,,,,1.28440367
Gulf_of_Aqaba_HRN2,29.502,34.9177,2018-03-14T11:08,HRN2,2,1,28.6,1,1,15.1,54.3,HRN2 1,1.3,Acanthuridae,Striated surgeonfish,Ctenochaetus striatus,urn:lsid:marinespecies.org:taxname:219659,https://www.marinespecies.org/aphia.php?p=taxdetails&id=219659,156.1228,105.1876087,CS3,11.17.31639,11.21.33595,1,,4.02,14.93,Live coral,,Favites abdita,urn:lsid:marinespecies.org:taxname:207449,https://www.marinespecies.org/aphia.php?p=taxdetails&id=207449,0.093457944
Gulf_of_Aqaba_HRN2,29.502,34.9177,2018-03-14T11:08,HRN2,2,1,28.6,1,1,15.1,54.3,HRN2 1,1.3,Acanthuridae,Striated surgeonfish,Ctenochaetus striatus,urn:lsid:marinespecies.org:taxname:219659,https://www.marinespecies.org/aphia.php?p=taxdetails&id=219659,156.1228,105.1876087,CS3,11.21.33595,11.30.59958,8,36.06,9.26,51.82,Dead coral,,Favites abdita,urn:lsid:marinespecies.org:taxname:207449,https://www.marinespecies.org/aphia.php?p=taxdetails&id=207449,0.484848485
Gulf_of_Aqaba_HRN2,29.502,34.9177,2018-03-14T11:08,HRN2,2,1,28.6,1,1,15.1,54.3,HRN2 1,1.3,Acanthuridae,Striated surgeonfish,Ctenochaetus striatus,urn:lsid:marinespecies.org:taxname:219659,https://www.marinespecies.org/aphia.php?p=taxdetails&id=219659,156.1228,105.1876087,CS3,11.30.59958,11.34.21615,2,107.4,3.62,33.18,Live coral,,Favites abdita,urn:lsid:marinespecies.org:taxname:207449,https://www.marinespecies.org/aphia.php?p=taxdetails&id=207449,0.186915888
Gulf_of_Aqaba_HRN2,29.502,34.9177,2018-03-14T11:08,HRN2,2,1,28.6,1,1,15.1,54.3,HRN2 1,1.4,Acanthuridae,Striated surgeonfish,Ctenochaetus striatus,urn:lsid:marinespecies.org:taxname:219659,https://www.marinespecies.org/aphia.php?p=taxdetails&id=219659,191.0333,195.0524393,CS4,12.03.46056,12.11.46724,10,28.66,8.01,74.94,Dead coral,,Platygyra daedalea,urn:lsid:marinespecies.org:taxname:207489,https://www.marinespecies.org/aphia.php?p=taxdetails&id=207489,0.606060606
Gulf_of_Aqaba_HRN2,29.502,34.9177,2018-03-14T11:08,HRN2,2,1,28.6,1,1,15.1,54.3,HRN2 1,1.5,Acanthuridae,Striated surgeonfish,Ctenochaetus striatus,urn:lsid:marinespecies.org:taxname:219659,https://www.marinespecies.org/aphia.php?p=taxdetails&id=219659,191.0333,195.0524393,CS4,5.00.15661,5.15.9021,8,31.5,15.75,30.48,Dead coral,,Favites,urn:lsid:marinespecies.org:taxname:206158,https://www.marinespecies.org/aphia.php?p=taxdetails&id=206158,0.484848485
Gulf_of_Aqaba_HRN2,29.502,34.9177,2018-03-14T11:08,HRN2,2,1,28.6,1,1,15.1,54.3,HRN2 1,1.4,Acanthuridae,Yellowtail tang,Zebrasoma xanthurum,urn:lsid:marinespecies.org:taxname:219681,https://www.marinespecies.org/aphia.php?p=taxdetails&id=219681,245.8986,306.0932718,ZX19,7.38.8945,7.50.11455,11,59.2,11.22,58.82,Algal covered rock,,,,,1.41025641
Gulf_of_Aqaba_HRN2,29.502,34.9177,2018-03-14T11:08,HRN2,2,2,21.4,0.3,1.3,29.8,47.2,HRN2 2,2.2,Acanthuridae,Striated surgeonfish,Ctenochaetus striatus,urn:lsid:marinespecies.org:taxname:219659,https://www.marinespecies.org/aphia.php?p=taxdetails&id=219659,151.2137,95.39080113,CS5,5.56.50113,6.14.46025,2,37.09,17.96,6.68,Dead coral,,Stylophora pistillata,urn:lsid:marinespecies.org:taxname:206982,https://www.marinespecies.org/aphia.php?p=taxdetails&id=206982,0.121212121
Gulf_of_Aqaba_HRN2,29.502,34.9177,2018-03-14T11:08,HRN2,2,2,21.4,0.3,1.3,29.8,47.2,HRN2 2,2.2,Acanthuridae,Striated surgeonfish,Ctenochaetus striatus,urn:lsid:marinespecies.org:taxname:219659,https://www.marinespecies.org/aphia.php?p=taxdetails&id=219659,151.2137,95.39080113,CS5,10.25.7393,11.04489,42,83.73,38.75,65.03,Dead coral,,Stylophora pistillata,urn:lsid:marinespecies.org:taxname:206982,https://www.marinespecies.org/aphia.php?p=taxdetails&id=206982,2.545454545
Gulf_of_Aqaba_HRN2,29.502,34.9177,2018-03-14T11:08,HRN2,2,2,21.4,0.3,1.3,29.8,47.2,HRN2 2,2.2,Acanthuridae,Striated surgeonfish,Ctenochaetus striatus,urn:lsid:marinespecies.org:taxname:219659,https://www.marinespecies.org/aphia.php?p=taxdetails&id=219659,159.5487,112.41157,CS6,6.55.1375,7.14.23953,11,63.98,19.1,34.55,Dead coral,,Stylophora pistillata,urn:lsid:marinespecies.org:taxname:206982,https://www.marinespecies.org/aphia.php?p=taxdetails&id=206982,0.666666667
Gulf_of_Aqaba_HRN2,29.502,34.9177,2018-03-14T11:08,HRN2,2,2,21.4,0.3,1.3,29.8,47.2,HRN2 2,2.2,Acanthuridae,Striated surgeonfish,Ctenochaetus striatus,urn:lsid:marinespecies.org:taxname:219659,https://www.marinespecies.org/aphia.php?p=taxdetails&id=219659,159.5487,112.41157,CS6,7.29.27647,7.32.48888,1,,3.21,18.68,Live coral,,Leptoria phrygia,urn:lsid:marinespecies.org:taxname:207477,https://www.marinespecies.org/aphia.php?p=taxdetails&id=207477,0.093457944
Gulf_of_Aqaba_HRN2,29.502,34.9177,2018-03-14T11:08,HRN2,2,2,21.4,0.3,1.3,29.8,47.2,HRN2 2,2.2,Acanthuridae,Striated surgeonfish,Ctenochaetus striatus,urn:lsid:marinespecies.org:taxname:219659,https://www.marinespecies.org/aphia.php?p=taxdetails&id=219659,159.5487,112.41157,CS6,7.32.48888,7.48.49212,10,37.76,16,37.49,Dead coral,,Favia favus,urn:lsid:marinespecies.org:taxname:207435,https://www.marinespecies.org/aphia.php?p=taxdetails&id=207435,0.606060606
Gulf_of_Aqaba_HRN2,29.502,34.9177,2018-03-14T11:08,HRN2,2,2,21.4,0.3,1.3,29.8,47.2,HRN2 2,2.2,Acanthuridae,Striated surgeonfish,Ctenochaetus striatus,urn:lsid:marinespecies.org:taxname:219659,https://www.marinespecies.org/aphia.php?p=taxdetails&id=219659,159.5487,112.41157,CS6,10.22.96631,11.10.340027,52,171.89,47.37,65.86,Dead coral,,Stylophora pistillata,urn:lsid:marinespecies.org:taxname:206982,https://www.marinespecies.org/aphia.php?p=taxdetails&id=206982,3.151515152
Gulf_of_Aqaba_HRN2,29.502,34.9177,2018-03-14T11:08,HRN2,2,2,21.4,0.3,1.3,29.8,47.2,HRN2 2,2.2,Acanthuridae,Brown surgeonfish,Acanthurus nigrofuscus,urn:lsid:marinespecies.org:taxname:219640,https://www.marinespecies.org/aphia.php?p=taxdetails&id=219640,116.149,35.73941647,AN1,10.26.78893,11.07.49789,36,63.75,40.71,53.06,Dead coral,,Stylophora pistillata,urn:lsid:marinespecies.org:taxname:206982,https://www.marinespecies.org/aphia.php?p=taxdetails&id=206982,2.181818182
Gulf_of_Aqaba_HRN2,29.502,34.9177,2018-03-14T11:08,HRN2,2,2,21.4,0.3,1.3,29.8,47.2,HRN2 2,2.2,Acanthuridae,Brown surgeonfish,Acanthurus nigrofuscus,urn:lsid:marinespecies.org:taxname:219640,https://www.marinespecies.org/aphia.php?p=taxdetails&id=219640,100.7356,23.41558108,AN2,10.57.134,11.48.9661,49,71.11,51.83,56.72,Dead coral,,Stylophora pistillata,urn:lsid:marinespecies.org:taxname:206982,https://www.marinespecies.org/aphia.php?p=taxdetails&id=206982,2.96969697
Gulf_of_Aqaba_HRN2,29.502,34.9177,2018-03-14T11:08,HRN2,2,2,21.4,0.3,1.3,29.8,47.2,HRN2 2,2.7,Acanthuridae,Brown surgeonfish,Acanthurus nigrofuscus,urn:lsid:marinespecies.org:taxname:219640,https://www.marinespecies.org/aphia.php?p=taxdetails&id=219640,100.7356,23.41558108,AN2,1.0849981,1.18.48839,3,56.57,18.4,9.78,Dead coral,Unidentifiable,,,,0.181818182
Gulf_of_Aqaba_HRN2,29.502,34.9177,2018-03-14T11:08,HRN2,2,2,21.4,0.3,1.3,29.8,47.2,HRN2 2,2.7,Acanthuridae,Brown surgeonfish,Acanthurus nigrofuscus,urn:lsid:marinespecies.org:taxname:219640,https://www.marinespecies.org/aphia.php?p=taxdetails&id=219640,100.7356,23.41558108,AN2,1.18.48839,1.54.28131,29,74.1,35.79,48.61,Dead coral,,Stylophora pistillata,urn:lsid:marinespecies.org:taxname:206982,https://www.marinespecies.org/aphia.php?p=taxdetails&id=206982,1.757575758
Gulf_of_Aqaba_HRN2,29.502,34.9177,2018-03-14T11:08,HRN2,2,2,21.4,0.3,1.3,29.8,47.2,HRN2 2,2.3,Acanthuridae,Brown surgeonfish,Acanthurus nigrofuscus,urn:lsid:marinespecies.org:taxname:219640,https://www.marinespecies.org/aphia.php?p=taxdetails&id=219640,100.7356,23.41558108,AN2,5.55.12635,6.10.484781,12,121.84,15.36,46.88,Dead coral,,Stylophora pistillata,urn:lsid:marinespecies.org:taxname:206982,https://www.marinespecies.org/aphia.php?p=taxdetails&id=206982,0.727272727
Gulf_of_Aqaba_HRN2,29.502,34.9177,2018-03-14T11:08,HRN2,2,2,21.4,0.3,1.3,29.8,47.2,HRN2 2,2.3,Acanthuridae,Brown surgeonfish,Acanthurus nigrofuscus,urn:lsid:marinespecies.org:taxname:219640,https://www.marinespecies.org/aphia.php?p=taxdetails&id=219640,104.1027,25.8174662,AN3,12.04.86,12.12.15183,1,,7.51,7.99,Dead coral,Unidentifiable,,,,0.060606061
Gulf_of_Aqaba_HRN2,29.502,34.9177,2018-03-14T11:08,HRN2,2,2,21.4,0.3,1.3,29.8,47.2,HRN2 2,2.3,Acanthuridae,Brown surgeonfish,Acanthurus nigrofuscus,urn:lsid:marinespecies.org:taxname:219640,https://www.marinespecies.org/aphia.php?p=taxdetails&id=219640,104.1027,25.8174662,AN3,20.15674,31.57353,15,27.57,11.42,78.83,Dead coral,,Stylophora pistillata,urn:lsid:marinespecies.org:taxname:206982,https://www.marinespecies.org/aphia.php?p=taxdetails&id=206982,0.909090909
Gulf_of_Aqaba_HRN2,29.502,34.9177,2018-03-14T11:08,HRN2,2,2,21.4,0.3,1.3,29.8,47.2,HRN2 2,2.3,Acanthuridae,Brown surgeonfish,Acanthurus nigrofuscus,urn:lsid:marinespecies.org:taxname:219640,https://www.marinespecies.org/aphia.php?p=taxdetails&id=219640,104.1027,25.8174662,AN3,4.21.49279,4.32.16591,20,148.29,10.67,112.43,Dead coral,,Stylophora pistillata,urn:lsid:marinespecies.org:taxname:206982,https://www.marinespecies.org/aphia.php?p=taxdetails&id=206982,1.212121212
Gulf_of_Aqaba_HRN2,29.502,34.9177,2018-03-14T11:08,HRN2,2,2,21.4,0.3,1.3,29.8,47.2,HRN2 2,2.3,Acanthuridae,Striated surgeonfish,Ctenochaetus striatus,urn:lsid:marinespecies.org:taxname:219659,https://www.marinespecies.org/aphia.php?p=taxdetails&id=219659,111.8984,37.96283787,CS10,3.05.1015,3.16.32309,12,108.35,11.22,64.16,Dead coral,,Stylophora pistillata,urn:lsid:marinespecies.org:taxname:206982,https://www.marinespecies.org/aphia.php?p=taxdetails&id=206982,0.727272727
Gulf_of_Aqaba_HRN2,29.502,34.9177,2018-03-14T11:08,HRN2,2,2,21.4,0.3,1.3,29.8,47.2,HRN2 2,2.3,Acanthuridae,Striated surgeonfish,Ctenochaetus striatus,urn:lsid:marinespecies.org:taxname:219659,https://www.marinespecies.org/aphia.php?p=taxdetails&id=219659,111.8984,37.96283787,CS10,7.59.34006,08.10.49,9,100.92,11.52,46.86,Dead coral,,Stylophora pistillata,urn:lsid:marinespecies.org:taxname:206982,https://www.marinespecies.org/aphia.php?p=taxdetails&id=206982,0.545454545
Gulf_of_Aqaba_HRN2,29.502,34.9177,2018-03-14T11:08,HRN2,2,2,21.4,0.3,1.3,29.8,47.2,HRN2 2,2.6,Acanthuridae,Striated surgeonfish,Ctenochaetus striatus,urn:lsid:marinespecies.org:taxname:219659,https://www.marinespecies.org/aphia.php?p=taxdetails&id=219659,111.8984,37.96283787,CS10,3.56.99710,4.04.570004,1,,7.57,7.92,Dead coral,Unidentifiable,,,,0.060606061
Gulf_of_Aqaba_HRN2,29.502,34.9177,2018-03-14T11:08,HRN2,2,2,21.4,0.3,1.3,29.8,47.2,HRN2 2,2.5,Acanthuridae,Striated surgeonfish,Ctenochaetus striatus,urn:lsid:marinespecies.org:taxname:219659,https://www.marinespecies.org/aphia.php?p=taxdetails&id=219659,156.2664,105.4839454,CS11,2.23.14431,2.39.14170,13,39.81,16,48.76,Dead coral,Favia,Faviinae,urn:lsid:marinespecies.org:taxname:718680,https://www.marinespecies.org/aphia.php?p=taxdetails&id=718680,0.787878788
Gulf_of_Aqaba_HRN2,29.502,34.9177,2018-03-14T11:08,HRN2,2,2,21.4,0.3,1.3,29.8,47.2,HRN2 2,2.5,Acanthuridae,Striated surgeonfish,Ctenochaetus striatus,urn:lsid:marinespecies.org:taxname:219659,https://www.marinespecies.org/aphia.php?p=taxdetails&id=219659,156.2664,105.4839454,CS11,15.04.23615,15.11.52841,6,80.99,7.29,49.37,Dead coral,,Favites,urn:lsid:marinespecies.org:taxname:206158,https://www.marinespecies.org/aphia.php?p=taxdetails&id=206158,0.363636364
Gulf_of_Aqaba_HRN2,29.502,34.9177,2018-03-14T11:08,HRN2,2,2,21.4,0.3,1.3,29.8,47.2,HRN2 2,2.5,Acanthuridae,Striated surgeonfish,Ctenochaetus striatus,urn:lsid:marinespecies.org:taxname:219659,https://www.marinespecies.org/aphia.php?p=taxdetails&id=219659,156.2664,105.4839454,CS11,15.11.52841,15.15.37411,2,76.92,3.85,31.2,Algal covered rock,,,,,0.256410256
Gulf_of_Aqaba_HRN2,29.502,34.9177,2018-03-14T11:08,HRN2,2,2,21.4,0.3,1.3,29.8,47.2,HRN2 2,2.5,Acanthuridae,Striated surgeonfish,Ctenochaetus striatus,urn:lsid:marinespecies.org:taxname:219659,https://www.marinespecies.org/aphia.php?p=taxdetails&id=219659,156.2664,105.4839454,CS11,15.15.37411,15.39.52061,6,145.03,24.15,14.91,Dead coral,,Favites,urn:lsid:marinespecies.org:taxname:206158,https://www.marinespecies.org/aphia.php?p=taxdetails&id=206158,0.363636364
Gulf_of_Aqaba_HRN2,29.502,34.9177,2018-03-14T11:08,HRN2,2,2,21.4,0.3,1.3,29.8,47.2,HRN2 2,2.7,Acanthuridae,Striated surgeonfish,Ctenochaetus striatus,urn:lsid:marinespecies.org:taxname:219659,https://www.marinespecies.org/aphia.php?p=taxdetails&id=219659,156.2664,105.4839454,CS11,4.33.14284,4.47.8173,14,89.21,14.67,57.24,Live coral,Favia,Faviinae,urn:lsid:marinespecies.org:taxname:718680,https://www.marinespecies.org/aphia.php?p=taxdetails&id=718680,1.308411215
Gulf_of_Aqaba_HRN2,29.502,34.9177,2018-03-14T11:08,HRN2,2,2,21.4,0.3,1.3,29.8,47.2,HRN2 2,2.7,Acanthuridae,Striated surgeonfish,Ctenochaetus striatus,urn:lsid:marinespecies.org:taxname:219659,https://www.marinespecies.org/aphia.php?p=taxdetails&id=219659,156.2664,105.4839454,CS11,4.47.8173,4.58.53787,6,99.58,10.72,33.58,Dead coral,,Stylophora pistillata,urn:lsid:marinespecies.org:taxname:206982,https://www.marinespecies.org/aphia.php?p=taxdetails&id=206982,0.363636364
Gulf_of_Aqaba_HRN2,29.502,34.9177,2018-03-14T11:08,HRN2,2,2,21.4,0.3,1.3,29.8,47.2,HRN2 2,2.7,Acanthuridae,Striated surgeonfish,Ctenochaetus striatus,urn:lsid:marinespecies.org:taxname:219659,https://www.marinespecies.org/aphia.php?p=taxdetails&id=219659,156.2664,105.4839454,CS11,21.55546,30.12897,7,,8.57,48.99,Dead coral,Unidentifiable,,,,0.424242424
Gulf_of_Aqaba_HRN2,29.502,34.9177,2018-03-14T11:08,HRN2,2,2,21.4,0.3,1.3,29.8,47.2,HRN2 2,2.2,Acanthuridae,Yellowtail tang,Zebrasoma xanthurum,urn:lsid:marinespecies.org:taxname:219681,https://www.marinespecies.org/aphia.php?p=taxdetails&id=219681,111.5979,29.53096803,ZX20,5.14.47200,5.21.9415,6,29.56,7.47,48.2,Algal covered rubble,,,,,0.11090573
Gulf_of_Aqaba_HRN2,29.502,34.9177,2018-03-14T11:08,HRN2,2,2,21.4,0.3,1.3,29.8,47.2,HRN2 2,2.2,Acanthuridae,Yellowtail tang,Zebrasoma xanthurum,urn:lsid:marinespecies.org:taxname:219681,https://www.marinespecies.org/aphia.php?p=taxdetails&id=219681,111.5979,29.53096803,ZX20,8.36.13039,8.45.43,11,57,9.3,70.97,Algal covered rubble,,,,,0.203327172
Gulf_of_Aqaba_HRN2,29.502,34.9177,2018-03-14T11:08,HRN2,2,2,21.4,0.3,1.3,29.8,47.2,HRN2 2,2.2,Acanthuridae,Yellowtail tang,Zebrasoma xanthurum,urn:lsid:marinespecies.org:taxname:219681,https://www.marinespecies.org/aphia.php?p=taxdetails&id=219681,111.5979,29.53096803,ZX20,12.18.68302,12.30.26267,12,28.89,11.58,62.18,Algal covered rock,,,,,1.538461538
Gulf_of_Aqaba_HRN2,29.502,34.9177,2018-03-14T11:08,HRN2,2,2,21.4,0.3,1.3,29.8,47.2,HRN2 2,2.2,Acanthuridae,Yellowtail tang,Zebrasoma xanthurum,urn:lsid:marinespecies.org:taxname:219681,https://www.marinespecies.org/aphia.php?p=taxdetails&id=219681,111.5979,29.53096803,ZX20,12.30.26267,12.40.8602,5,95.66,10.6,28.31,Dead coral,,Stylophora pistillata,urn:lsid:marinespecies.org:taxname:206982,https://www.marinespecies.org/aphia.php?p=taxdetails&id=206982,0.303030303
Gulf_of_Aqaba_HRN2,29.502,34.9177,2018-03-14T11:08,HRN2,2,2,21.4,0.3,1.3,29.8,47.2,HRN2 2,2.2,Acanthuridae,Yellowtail tang,Zebrasoma xanthurum,urn:lsid:marinespecies.org:taxname:219681,https://www.marinespecies.org/aphia.php?p=taxdetails&id=219681,111.5979,29.53096803,ZX20,12.40.8602,13.00.5968,8,69.55,19.74,24.32,Algal covered rock,,,,,1.025641026
Gulf_of_Aqaba_HRN2,29.502,34.9177,2018-03-14T11:08,HRN2,2,2,21.4,0.3,1.3,29.8,47.2,HRN2 2,2.2,Acanthuridae,Yellowtail tang,Zebrasoma xanthurum,urn:lsid:marinespecies.org:taxname:219681,https://www.marinespecies.org/aphia.php?p=taxdetails&id=219681,111.5979,29.53096803,ZX20,13.00.5968,13.03.68865,2,82.6,3.09,38.81,Dead coral,,Stylophora pistillata,urn:lsid:marinespecies.org:taxname:206982,https://www.marinespecies.org/aphia.php?p=taxdetails&id=206982,0.121212121
Gulf_of_Aqaba_HRN2,29.502,34.9177,2018-03-14T11:08,HRN2,2,2,21.4,0.3,1.3,29.8,47.2,HRN2 2,2.2,Acanthuridae,Yellowtail tang,Zebrasoma xanthurum,urn:lsid:marinespecies.org:taxname:219681,https://www.marinespecies.org/aphia.php?p=taxdetails&id=219681,111.5979,29.53096803,ZX20,13.03.68865,13.08.65475,4,57.68,4.97,48.33,Algal covered rock,,,,,0.512820513
Gulf_of_Aqaba_HRN2,29.502,34.9177,2018-03-14T11:08,HRN2,2,2,21.4,0.3,1.3,29.8,47.2,HRN2 2,2.2,Acanthuridae,Yellowtail tang,Zebrasoma xanthurum,urn:lsid:marinespecies.org:taxname:219681,https://www.marinespecies.org/aphia.php?p=taxdetails&id=219681,111.5979,29.53096803,ZX20,13.19.58006,13.52.00019,31,42.59,32.42,57.37,Algal covered rock,,,,,3.974358974
Gulf_of_Aqaba_HRN2,29.502,34.9177,2018-03-14T11:08,HRN2,2,2,21.4,0.3,1.3,29.8,47.2,HRN2 2,2.2,Acanthuridae,Yellowtail tang,Zebrasoma xanthurum,urn:lsid:marinespecies.org:taxname:219681,https://www.marinespecies.org/aphia.php?p=taxdetails&id=219681,111.5979,29.53096803,ZX20,13.52.00019,13.56.99836,3,72.59,5,36.01,Dead coral,Unidentifiable,,,,0.181818182
Gulf_of_Aqaba_HRN2,29.502,34.9177,2018-03-14T11:08,HRN2,2,2,21.4,0.3,1.3,29.8,47.2,HRN2 2,2.2,Acanthuridae,Yellowtail tang,Zebrasoma xanthurum,urn:lsid:marinespecies.org:taxname:219681,https://www.marinespecies.org/aphia.php?p=taxdetails&id=219681,111.5979,29.53096803,ZX20,13.56.99836,14.00.38992,5,123.91,3.39,88.45,Algal covered rock,,,,,0.641025641
Gulf_of_Aqaba_HRN2,29.502,34.9177,2018-03-14T11:08,HRN2,2,2,21.4,0.3,1.3,29.8,47.2,HRN2 2,2.2,Acanthuridae,Yellowtail tang,Zebrasoma xanthurum,urn:lsid:marinespecies.org:taxname:219681,https://www.marinespecies.org/aphia.php?p=taxdetails&id=219681,111.5979,29.53096803,ZX20,14.00.38992,14.29.67009,10,111.49,29.28,20.49,Sand,,,,,0.917431193
Gulf_of_Aqaba_HRN2,29.502,34.9177,2018-03-14T11:08,HRN2,2,2,21.4,0.3,1.3,29.8,47.2,HRN2 2,2.2,Acanthuridae,Yellowtail tang,Zebrasoma xanthurum,urn:lsid:marinespecies.org:taxname:219681,https://www.marinespecies.org/aphia.php?p=taxdetails&id=219681,111.5979,29.53096803,ZX20,15.31.58302,15.42.99283,9,62.39,11.41,47.33,Algal covered rock,,,,,1.153846154
Gulf_of_Aqaba_HRN2,29.502,34.9177,2018-03-14T11:08,HRN2,2,2,21.4,0.3,1.3,29.8,47.2,HRN2 2,2.2,Acanthuridae,Yellowtail tang,Zebrasoma xanthurum,urn:lsid:marinespecies.org:taxname:219681,https://www.marinespecies.org/aphia.php?p=taxdetails&id=219681,111.5979,29.53096803,ZX20,15.42.99283,15.50.99397,6,59.5,8,44.99,Live coral,Favia,Faviinae,urn:lsid:marinespecies.org:taxname:718680,https://www.marinespecies.org/aphia.php?p=taxdetails&id=718680,0.560747664
Gulf_of_Aqaba_HRN2,29.502,34.9177,2018-03-14T11:08,HRN2,2,2,21.4,0.3,1.3,29.8,47.2,HRN2 2,2.2,Acanthuridae,Yellowtail tang,Zebrasoma xanthurum,urn:lsid:marinespecies.org:taxname:219681,https://www.marinespecies.org/aphia.php?p=taxdetails&id=219681,111.5979,29.53096803,ZX20,17.02.99178,17.22.78899,12,90.01,19.8,36.37,Dead coral,Unidentifiable,,,,0.727272727
Gulf_of_Aqaba_HRN2,29.502,34.9177,2018-03-14T11:08,HRN2,2,2,21.4,0.3,1.3,29.8,47.2,HRN2 2,2.2,Acanthuridae,Yellowtail tang,Zebrasoma xanthurum,urn:lsid:marinespecies.org:taxname:219681,https://www.marinespecies.org/aphia.php?p=taxdetails&id=219681,111.5979,29.53096803,ZX20,17.22.78899,17.31.38200,10,19.6,8.59,69.82,Dead coral,,,,,0.606060606
Gulf_of_Aqaba_HRN2,29.502,34.9177,2018-03-14T11:08,HRN2,2,2,21.4,0.3,1.3,29.8,47.2,HRN2 2,2.2,Acanthuridae,Yellowtail tang,Zebrasoma xanthurum,urn:lsid:marinespecies.org:taxname:219681,https://www.marinespecies.org/aphia.php?p=taxdetails&id=219681,111.5979,29.53096803,ZX20,17.31.38200,17.40.689991,6,81.72,9.31,38.68,Dead coral,,,,,0.363636364
Gulf_of_Aqaba_HRN2,29.502,34.9177,2018-03-14T11:08,HRN2,2,2,21.4,0.3,1.3,29.8,47.2,HRN2 2,2.3,Acanthuridae,Yellowtail tang,Zebrasoma xanthurum,urn:lsid:marinespecies.org:taxname:219681,https://www.marinespecies.org/aphia.php?p=taxdetails&id=219681,111.5979,29.53096803,ZX20,44.40998,59.896,12,99.91,15.49,46.49,Algal covered rubble,,,,,0.22181146
Gulf_of_Aqaba_HRN2,29.502,34.9177,2018-03-14T11:08,HRN2,2,2,21.4,0.3,1.3,29.8,47.2,HRN2 2,2.3,Acanthuridae,Yellowtail tang,Zebrasoma xanthurum,urn:lsid:marinespecies.org:taxname:219681,https://www.marinespecies.org/aphia.php?p=taxdetails&id=219681,111.5979,29.53096803,ZX20,32.75832,1.02.66371,34,26.46,29.91,68.22,Algal covered rubble,,,,,0.628465804
Gulf_of_Aqaba_HRN2,29.502,34.9177,2018-03-14T11:08,HRN2,2,2,21.4,0.3,1.3,29.8,47.2,HRN2 2,2.3,Acanthuridae,Yellowtail tang,Zebrasoma xanthurum,urn:lsid:marinespecies.org:taxname:219681,https://www.marinespecies.org/aphia.php?p=taxdetails&id=219681,111.5979,29.53096803,ZX20,1.08.536831,2.10.63012,22,170.73,62.09,21.26,Dead coral,,Stylophora pistillata,urn:lsid:marinespecies.org:taxname:206982,https://www.marinespecies.org/aphia.php?p=taxdetails&id=206982,1.333333333
Gulf_of_Aqaba_HRN2,29.502,34.9177,2018-03-14T11:08,HRN2,2,2,21.4,0.3,1.3,29.8,47.2,HRN2 2,2.3,Acanthuridae,Yellowtail tang,Zebrasoma xanthurum,urn:lsid:marinespecies.org:taxname:219681,https://www.marinespecies.org/aphia.php?p=taxdetails&id=219681,111.5979,29.53096803,ZX20,3.20.43047,3.33.25241,7,189.04,12.82,32.76,Live coral,Favia,Faviinae,urn:lsid:marinespecies.org:taxname:718680,https://www.marinespecies.org/aphia.php?p=taxdetails&id=718680,0.654205607
Gulf_of_Aqaba_HRN2,29.502,34.9177,2018-03-14T11:08,HRN2,2,2,21.4,0.3,1.3,29.8,47.2,HRN2 2,2.3,Acanthuridae,Yellowtail tang,Zebrasoma xanthurum,urn:lsid:marinespecies.org:taxname:219681,https://www.marinespecies.org/aphia.php?p=taxdetails&id=219681,111.5979,29.53096803,ZX20,3.33.25241,3.47.68613,16,32.59,14.43,66.51,Sand,,,,,1.467889908
Gulf_of_Aqaba_HRN2,29.502,34.9177,2018-03-14T11:08,HRN2,2,2,21.4,0.3,1.3,29.8,47.2,HRN2 2,2.3,Acanthuridae,Yellowtail tang,Zebrasoma xanthurum,urn:lsid:marinespecies.org:taxname:219681,https://www.marinespecies.org/aphia.php?p=taxdetails&id=219681,111.5979,29.53096803,ZX20,3.47.68613,4.00.24270,2,27.36,12.56,9.56,Live coral,Favia,Faviinae,urn:lsid:marinespecies.org:taxname:718680,https://www.marinespecies.org/aphia.php?p=taxdetails&id=718680,0.186915888
Gulf_of_Aqaba_HRN2,29.502,34.9177,2018-03-14T11:08,HRN2,2,2,21.4,0.3,1.3,29.8,47.2,HRN2 2,2.3,Acanthuridae,Yellowtail tang,Zebrasoma xanthurum,urn:lsid:marinespecies.org:taxname:219681,https://www.marinespecies.org/aphia.php?p=taxdetails&id=219681,111.5979,29.53096803,ZX20,4.26.16645,4.44.14431,4,145.97,17.98,13.35,Live coral,Favia,Faviinae,urn:lsid:marinespecies.org:taxname:718680,https://www.marinespecies.org/aphia.php?p=taxdetails&id=718680,0.373831776
Gulf_of_Aqaba_HRN2,29.502,34.9177,2018-03-14T11:08,HRN2,2,2,21.4,0.3,1.3,29.8,47.2,HRN2 2,2.3,Acanthuridae,Yellowtail tang,Zebrasoma xanthurum,urn:lsid:marinespecies.org:taxname:219681,https://www.marinespecies.org/aphia.php?p=taxdetails&id=219681,111.5979,29.53096803,ZX20,4.44.14431,4.48.49020,2,95.04,4.35,27.61,Sand,,,,,0.183486239
Gulf_of_Aqaba_HRN2,29.502,34.9177,2018-03-14T11:08,HRN2,2,2,21.4,0.3,1.3,29.8,47.2,HRN2 2,2.3,Acanthuridae,Yellowtail tang,Zebrasoma xanthurum,urn:lsid:marinespecies.org:taxname:219681,https://www.marinespecies.org/aphia.php?p=taxdetails&id=219681,111.5979,29.53096803,ZX20,4.48.49020,5.05.300539,10,153.31,16.81,35.69,Algal covered rock,,,,,1.282051282
Gulf_of_Aqaba_HRN2,29.502,34.9177,2018-03-14T11:08,HRN2,2,2,21.4,0.3,1.3,29.8,47.2,HRN2 2,2.3,Acanthuridae,Yellowtail tang,Zebrasoma xanthurum,urn:lsid:marinespecies.org:taxname:219681,https://www.marinespecies.org/aphia.php?p=taxdetails&id=219681,111.5979,29.53096803,ZX20,6.02.17307,6.39.11951,16,50.72,36.95,25.98,Live coral,Favia,Faviinae,urn:lsid:marinespecies.org:taxname:718680,https://www.marinespecies.org/aphia.php?p=taxdetails&id=718680,1.495327103
Gulf_of_Aqaba_HRN2,29.502,34.9177,2018-03-14T11:08,HRN2,2,2,21.4,0.3,1.3,29.8,47.2,HRN2 2,2.3,Acanthuridae,Yellowtail tang,Zebrasoma xanthurum,urn:lsid:marinespecies.org:taxname:219681,https://www.marinespecies.org/aphia.php?p=taxdetails&id=219681,111.5979,29.53096803,ZX20,7.12.31674,7.35.58795,14,41.58,23.27,36.1,Live coral,Favia,Faviinae,urn:lsid:marinespecies.org:taxname:718680,https://www.marinespecies.org/aphia.php?p=taxdetails&id=718680,1.308411215
Gulf_of_Aqaba_HRN2,29.502,34.9177,2018-03-14T11:08,HRN2,2,2,21.4,0.3,1.3,29.8,47.2,HRN2 2,2.3,Acanthuridae,Yellowtail tang,Zebrasoma xanthurum,urn:lsid:marinespecies.org:taxname:219681,https://www.marinespecies.org/aphia.php?p=taxdetails&id=219681,111.5979,29.53096803,ZX20,7.35.58795,7.59.13572,16,42,23.55,40.77,Dead coral,,Stylophora pistillata,urn:lsid:marinespecies.org:taxname:206982,https://www.marinespecies.org/aphia.php?p=taxdetails&id=206982,0.96969697
Gulf_of_Aqaba_HRN2,29.502,34.9177,2018-03-14T11:08,HRN2,2,2,21.4,0.3,1.3,29.8,47.2,HRN2 2,2.3,Acanthuridae,Yellowtail tang,Zebrasoma xanthurum,urn:lsid:marinespecies.org:taxname:219681,https://www.marinespecies.org/aphia.php?p=taxdetails&id=219681,111.5979,29.53096803,ZX20,8.33.55641,8.51.42618,4,92.68,17.87,13.43,Live coral,Favia,Faviinae,urn:lsid:marinespecies.org:taxname:718680,https://www.marinespecies.org/aphia.php?p=taxdetails&id=718680,0.373831776
Gulf_of_Aqaba_HRN2,29.502,34.9177,2018-03-14T11:08,HRN2,2,2,21.4,0.3,1.3,29.8,47.2,HRN2 2,2.3,Acanthuridae,Yellowtail tang,Zebrasoma xanthurum,urn:lsid:marinespecies.org:taxname:219681,https://www.marinespecies.org/aphia.php?p=taxdetails&id=219681,111.5979,29.53096803,ZX20,8.51.42618,9.09.33273,15,36.69,17.91,50.26,Sand,,,,,1.376146789
Gulf_of_Aqaba_HRN2,29.502,34.9177,2018-03-14T11:08,HRN2,2,2,21.4,0.3,1.3,29.8,47.2,HRN2 2,2.3,Acanthuridae,Yellowtail tang,Zebrasoma xanthurum,urn:lsid:marinespecies.org:taxname:219681,https://www.marinespecies.org/aphia.php?p=taxdetails&id=219681,111.5979,29.53096803,ZX20,11.58.49789,12.31.92,20,78.73,33.42,35.9,Algal covered rock,,,,,2.564102564
Gulf_of_Aqaba_HRN2,29.502,34.9177,2018-03-14T11:08,HRN2,2,2,21.4,0.3,1.3,29.8,47.2,HRN2 2,2.5,Acanthuridae,Yellowtail tang,Zebrasoma xanthurum,urn:lsid:marinespecies.org:taxname:219681,https://www.marinespecies.org/aphia.php?p=taxdetails&id=219681,111.5979,29.53096803,ZX20,0.00.00000,2.03.88151,90,49.47,123.88,43.59,Dead coral,,Stylophora pistillata,urn:lsid:marinespecies.org:taxname:206982,https://www.marinespecies.org/aphia.php?p=taxdetails&id=206982,5.454545455
Gulf_of_Aqaba_HRN2,29.502,34.9177,2018-03-14T11:08,HRN2,2,2,21.4,0.3,1.3,29.8,47.2,HRN2 2,2.5,Acanthuridae,Yellowtail tang,Zebrasoma xanthurum,urn:lsid:marinespecies.org:taxname:219681,https://www.marinespecies.org/aphia.php?p=taxdetails&id=219681,111.5979,29.53096803,ZX20,2.25.74012,3.39.6585,59,59.98,73.92,47.89,Algal covered rubble,,,,,1.090573013
Gulf_of_Aqaba_HRN2,29.502,34.9177,2018-03-14T11:08,HRN2,2,2,21.4,0.3,1.3,29.8,47.2,HRN2 2,2.5,Acanthuridae,Yellowtail tang,Zebrasoma xanthurum,urn:lsid:marinespecies.org:taxname:219681,https://www.marinespecies.org/aphia.php?p=taxdetails&id=219681,111.5979,29.53096803,ZX20,3.40.588,4.27.42685,40,88.7,46.84,51.24,Algal covered rubble,,,,,0.739371534
Gulf_of_Aqaba_HRN2,29.502,34.9177,2018-03-14T11:08,HRN2,2,2,21.4,0.3,1.3,29.8,47.2,HRN2 2,2.5,Acanthuridae,Yellowtail tang,Zebrasoma xanthurum,urn:lsid:marinespecies.org:taxname:219681,https://www.marinespecies.org/aphia.php?p=taxdetails&id=219681,111.5979,29.53096803,ZX20,4.27.42685,05.04.91,24,188.68,37.21,38.7,Dead coral,,Stylophora pistillata,urn:lsid:marinespecies.org:taxname:206982,https://www.marinespecies.org/aphia.php?p=taxdetails&id=206982,1.454545455
Gulf_of_Aqaba_HRN2,29.502,34.9177,2018-03-14T11:08,HRN2,2,2,21.4,0.3,1.3,29.8,47.2,HRN2 2,2.6,Acanthuridae,Yellowtail tang,Zebrasoma xanthurum,urn:lsid:marinespecies.org:taxname:219681,https://www.marinespecies.org/aphia.php?p=taxdetails&id=219681,111.5979,29.53096803,ZX20,2.38.11329,3.28.55493,59,131.43,50.44,70.18,Algal covered rubble,,,,,1.090573013
Gulf_of_Aqaba_HRN2,29.502,34.9177,2018-03-14T11:08,HRN2,2,2,21.4,0.3,1.3,29.8,47.2,HRN2 2,2.3,Acanthuridae,Yellowtail tang,Zebrasoma xanthurum,urn:lsid:marinespecies.org:taxname:219681,https://www.marinespecies.org/aphia.php?p=taxdetails&id=219681,162.4289,89.697272,ZX21,7.44.39929,8.07.37963,7,161.73,22.98,18.28,Dead coral,,Stylophora pistillata,urn:lsid:marinespecies.org:taxname:206982,https://www.marinespecies.org/aphia.php?p=taxdetails&id=206982,0.424242424
Gulf_of_Aqaba_HRN2,29.502,34.9177,2018-03-14T11:08,HRN2,2,2,21.4,0.3,1.3,29.8,47.2,HRN2 2,2.3,Acanthuridae,Yellowtail tang,Zebrasoma xanthurum,urn:lsid:marinespecies.org:taxname:219681,https://www.marinespecies.org/aphia.php?p=taxdetails&id=219681,162.4289,89.697272,ZX21,12.29.59281,13.30.83651,34,121.37,61.24,33.31,Algal covered rubble,,,,,0.628465804
Gulf_of_Aqaba_HRN2,29.502,34.9177,2018-03-14T11:08,HRN2,2,2,21.4,0.3,1.3,29.8,47.2,HRN2 2,2.3,Acanthuridae,Yellowtail tang,Zebrasoma xanthurum,urn:lsid:marinespecies.org:taxname:219681,https://www.marinespecies.org/aphia.php?p=taxdetails&id=219681,162.4289,89.697272,ZX21,15.15.697041,15.35.850222,17,115.89,20.15,50.61,Algal covered rubble,,,,,0.314232902
Gulf_of_Aqaba_HRN2,29.502,34.9177,2018-03-14T11:08,HRN2,2,2,21.4,0.3,1.3,29.8,47.2,HRN2 2,2.3,Acanthuridae,Yellowtail tang,Zebrasoma xanthurum,urn:lsid:marinespecies.org:taxname:219681,https://www.marinespecies.org/aphia.php?p=taxdetails&id=219681,162.4289,89.697272,ZX21,01.06.92,2.20.177395,58,83.86,73.5,47.35,Dead coral,Unidentifiable,,,,3.515151515
Gulf_of_Aqaba_HRN2,29.502,34.9177,2018-03-14T11:08,HRN2,2,2,21.4,0.3,1.3,29.8,47.2,HRN2 2,2.3,Acanthuridae,Yellowtail tang,Zebrasoma xanthurum,urn:lsid:marinespecies.org:taxname:219681,https://www.marinespecies.org/aphia.php?p=taxdetails&id=219681,162.4289,89.697272,ZX21,2.30.1793,3.00.52010,32,56.68,30.34,63.28,Dead coral,,Stylophora pistillata,urn:lsid:marinespecies.org:taxname:206982,https://www.marinespecies.org/aphia.php?p=taxdetails&id=206982,1.939393939
Gulf_of_Aqaba_HRN2,29.502,34.9177,2018-03-14T11:08,HRN2,2,2,21.4,0.3,1.3,29.8,47.2,HRN2 2,2.3,Acanthuridae,Yellowtail tang,Zebrasoma xanthurum,urn:lsid:marinespecies.org:taxname:219681,https://www.marinespecies.org/aphia.php?p=taxdetails&id=219681,162.4289,89.697272,ZX21,3.11.48911,3.31.49202,9,99.48,20,27,Live coral,Favia,Faviinae,urn:lsid:marinespecies.org:taxname:718680,https://www.marinespecies.org/aphia.php?p=taxdetails&id=718680,0.841121495
Gulf_of_Aqaba_HRN2,29.502,34.9177,2018-03-14T11:08,HRN2,2,2,21.4,0.3,1.3,29.8,47.2,HRN2 2,2.3,Acanthuridae,Yellowtail tang,Zebrasoma xanthurum,urn:lsid:marinespecies.org:taxname:219681,https://www.marinespecies.org/aphia.php?p=taxdetails&id=219681,162.4289,89.697272,ZX21,3.31.49202,3.40.16172,7,62.7,8.67,48.44,Algal covered rock,,,,,0.897435897
Gulf_of_Aqaba_HRN2,29.502,34.9177,2018-03-14T11:08,HRN2,2,2,21.4,0.3,1.3,29.8,47.2,HRN2 2,2.3,Acanthuridae,Yellowtail tang,Zebrasoma xanthurum,urn:lsid:marinespecies.org:taxname:219681,https://www.marinespecies.org/aphia.php?p=taxdetails&id=219681,162.4289,89.697272,ZX21,3.48.25663,04.08.02,14,55.56,20.63,40.71,Algal covered rock,,,,,1.794871795
Gulf_of_Aqaba_HRN2,29.502,34.9177,2018-03-14T11:08,HRN2,2,2,21.4,0.3,1.3,29.8,47.2,HRN2 2,2.3,Acanthuridae,Yellowtail tang,Zebrasoma xanthurum,urn:lsid:marinespecies.org:taxname:219681,https://www.marinespecies.org/aphia.php?p=taxdetails&id=219681,162.4289,89.697272,ZX21,4.34.31,5.22.51210,29,148.09,48.2,36.1,Algal covered rubble,,,,,0.536044362
Gulf_of_Aqaba_HRN2,29.502,34.9177,2018-03-14T11:08,HRN2,2,3,16.3,2.3,4.3,16.7,60.3,HRN2 3,3.1,Acanthuridae,Striated surgeonfish,Ctenochaetus striatus,urn:lsid:marinespecies.org:taxname:219659,https://www.marinespecies.org/aphia.php?p=taxdetails&id=219659,172.6519,143.120543,CS12,3.50.40403,3.59.11115,3,141.53,8.71,20.67,Algal covered rock,,,,,0.384615385
Gulf_of_Aqaba_HRN2,29.502,34.9177,2018-03-14T11:08,HRN2,2,3,16.3,2.3,4.3,16.7,60.3,HRN2 3,3.2,Acanthuridae,Striated surgeonfish,Ctenochaetus striatus,urn:lsid:marinespecies.org:taxname:219659,https://www.marinespecies.org/aphia.php?p=taxdetails&id=219659,155.0752,103.0426925,CS13,2.0151937,2.10.38381,5,,10.37,28.93,,,Favites abdita,urn:lsid:marinespecies.org:taxname:207449,https://www.marinespecies.org/aphia.php?p=taxdetails&id=207449,
Gulf_of_Aqaba_HRN2,29.502,34.9177,2018-03-14T11:08,HRN2,2,3,16.3,2.3,4.3,16.7,60.3,HRN2 3,3.2,Acanthuridae,Striated surgeonfish,Ctenochaetus striatus,urn:lsid:marinespecies.org:taxname:219659,https://www.marinespecies.org/aphia.php?p=taxdetails&id=219659,155.0752,103.0426925,CS13,2.56.42997,03.11.84,8,108.05,14.8,32.44,Dead coral,Unidentifiable,,,,0.484848485
Gulf_of_Aqaba_HRN2,29.502,34.9177,2018-03-14T11:08,HRN2,2,3,16.3,2.3,4.3,16.7,60.3,HRN2 3,3.3,Acanthuridae,Striated surgeonfish,Ctenochaetus striatus,urn:lsid:marinespecies.org:taxname:219659,https://www.marinespecies.org/aphia.php?p=taxdetails&id=219659,155.0752,103.0426925,CS13,5.32.57125,5.44.1889,1,,11.62,5.16,Dead coral,Favia,Faviinae,urn:lsid:marinespecies.org:taxname:718680,https://www.marinespecies.org/aphia.php?p=taxdetails&id=718680,0.060606061
Gulf_of_Aqaba_HRN2,29.502,34.9177,2018-03-14T11:08,HRN2,2,3,16.3,2.3,4.3,16.7,60.3,HRN2 3,3.4,Acanthuridae,Striated surgeonfish,Ctenochaetus striatus,urn:lsid:marinespecies.org:taxname:219659,https://www.marinespecies.org/aphia.php?p=taxdetails&id=219659,155.0752,103.0426925,CS13,3.00.4097,3.15.16048,9,,14.75,36.61,Live coral,,Leptoria phrygia,urn:lsid:marinespecies.org:taxname:207477,https://www.marinespecies.org/aphia.php?p=taxdetails&id=207477,0.841121495
Gulf_of_Aqaba_HRN2,29.502,34.9177,2018-03-14T11:08,HRN2,2,3,16.3,2.3,4.3,16.7,60.3,HRN2 3,3.5,Acanthuridae,Striated surgeonfish,Ctenochaetus striatus,urn:lsid:marinespecies.org:taxname:219659,https://www.marinespecies.org/aphia.php?p=taxdetails&id=219659,155.0752,103.0426925,CS13,0.05.1753,0.11.53816,3,12.58,6.36,28.29,Dead coral,Unidentifiable,,,,0.181818182
Gulf_of_Aqaba_HRN2,29.502,34.9177,2018-03-14T11:08,HRN2,2,3,16.3,2.3,4.3,16.7,60.3,HRN2 3,3.5,Acanthuridae,Striated surgeonfish,Ctenochaetus striatus,urn:lsid:marinespecies.org:taxname:219659,https://www.marinespecies.org/aphia.php?p=taxdetails&id=219659,168.5374,132.9377287,CS14,4.25.29345,4.48.602,4,65.14,23.31,10.3,Algal covered rock,,,,,0.512820513
Gulf_of_Aqaba_HRN2,29.502,34.9177,2018-03-14T11:08,HRN2,2,3,16.3,2.3,4.3,16.7,60.3,HRN2 3,3.6,Acanthuridae,Striated surgeonfish,Ctenochaetus striatus,urn:lsid:marinespecies.org:taxname:219659,https://www.marinespecies.org/aphia.php?p=taxdetails&id=219659,151.8391,96.60319433,CS14,11.34.46645,11.55.23944,8,,20.77,23.11,Live coral,,Favia favus,urn:lsid:marinespecies.org:taxname:207435,https://www.marinespecies.org/aphia.php?p=taxdetails&id=207435,0.747663551
Gulf_of_Aqaba_HRN2,29.502,34.9177,2018-03-14T11:08,HRN2,2,3,16.3,2.3,4.3,16.7,60.3,HRN2 3,3.9,Acanthuridae,Striated surgeonfish,Ctenochaetus striatus,urn:lsid:marinespecies.org:taxname:219659,https://www.marinespecies.org/aphia.php?p=taxdetails&id=219659,151.8391,96.60319433,CS14,0.18.49978,0.24.83992,6,92.94,6.34,56.78,Live coral,,Stylophora pistillata,urn:lsid:marinespecies.org:taxname:206982,https://www.marinespecies.org/aphia.php?p=taxdetails&id=206982,0.560747664
Gulf_of_Aqaba_HRN2,29.502,34.9177,2018-03-14T11:08,HRN2,2,3,16.3,2.3,4.3,16.7,60.3,HRN2 3,3.9,Acanthuridae,Striated surgeonfish,Ctenochaetus striatus,urn:lsid:marinespecies.org:taxname:219659,https://www.marinespecies.org/aphia.php?p=taxdetails&id=219659,151.8391,96.60319433,CS14,0.37.7317,0.54.10922,4,135.76,16.38,14.65,Dead coral,Favia,Faviinae,urn:lsid:marinespecies.org:taxname:718680,https://www.marinespecies.org/aphia.php?p=taxdetails&id=718680,0.242424242
Gulf_of_Aqaba_HRN,29.502,34.9177,2018-03-10T15:25,HRN,2,1,1.7,1.8,1.3,16.8,78.4,HRN 1,1.1/1.2,Acanthuridae,Yellowtail tang,Zebrasoma xanthurum,urn:lsid:marinespecies.org:taxname:219681,https://www.marinespecies.org/aphia.php?p=taxdetails&id=219681,147.3719,67.25480507,ZX22,16.11.11159 (1.1),0.22.47483 (1.2) (17.42.48 = end of 1.1),41,153.98,113.84,21.61,Algal covered rubble,,,,,0.757855823
Gulf_of_Aqaba_HRN,29.502,34.9177,2018-03-10T15:25,HRN,2,1,1.7,1.8,1.3,16.8,78.4,HRN 1,1.2,Acanthuridae,Yellowtail tang,Zebrasoma xanthurum,urn:lsid:marinespecies.org:taxname:219681,https://www.marinespecies.org/aphia.php?p=taxdetails&id=219681,147.3719,67.25480507,ZX22,0.37.46385,1.03.44566,22,,25.98,50.8,,,,,,
Gulf_of_Aqaba_HRN,29.502,34.9177,2018-03-10T15:25,HRN,2,1,1.7,1.8,1.3,16.8,78.4,HRN 1,1.2,Acanthuridae,Yellowtail tang,Zebrasoma xanthurum,urn:lsid:marinespecies.org:taxname:219681,https://www.marinespecies.org/aphia.php?p=taxdetails&id=219681,147.3719,67.25480507,ZX22,1.03.44566,1.20.10710,4,,16.66,14.4,,,Goniastrea retiformis,urn:lsid:marinespecies.org:taxname:207461,https://www.marinespecies.org/aphia.php?p=taxdetails&id=207461,
Gulf_of_Aqaba_HRN,29.502,34.9177,2018-03-10T15:25,HRN,2,1,1.7,1.8,1.3,16.8,78.4,HRN 1,1.2,Acanthuridae,Yellowtail tang,Zebrasoma xanthurum,urn:lsid:marinespecies.org:taxname:219681,https://www.marinespecies.org/aphia.php?p=taxdetails&id=219681,147.3719,67.25480507,ZX22,1.20.10710,1.30.1108,6,127.22,10,35.99,Algal covered rubble,,,,,0.11090573
Gulf_of_Aqaba_HRN,29.502,34.9177,2018-03-10T15:25,HRN,2,1,1.7,1.8,1.3,16.8,78.4,HRN 1,1.2,Acanthuridae,Yellowtail tang,Zebrasoma xanthurum,urn:lsid:marinespecies.org:taxname:219681,https://www.marinespecies.org/aphia.php?p=taxdetails&id=219681,147.3719,67.25480507,ZX22,2.10.67009,2.29.67911,15,211.49,19.01,47.35,Algal covered rubble,,,,,0.277264325
Gulf_of_Aqaba_HRN,29.502,34.9177,2018-03-10T15:25,HRN,2,1,1.7,1.8,1.3,16.8,78.4,HRN 1,1.4,Acanthuridae,Yellowtail tang,Zebrasoma xanthurum,urn:lsid:marinespecies.org:taxname:219681,https://www.marinespecies.org/aphia.php?p=taxdetails&id=219681,147.3719,67.25480507,ZX22,17.30.78201,17.42.48 (end and swam away),3,124.9,11.7,15.39,Algal covered rock,,,,,0.384615385
Gulf_of_Aqaba_HRN,29.502,34.9177,2018-03-10T15:25,HRN,2,1,1.7,1.8,1.3,16.8,78.4,HRN 1,1.2,Acanthuridae,Yellowtail tang,Zebrasoma xanthurum,urn:lsid:marinespecies.org:taxname:219681,https://www.marinespecies.org/aphia.php?p=taxdetails&id=219681,177.8956,117.4099407,ZX23,2.06.78303,2.20.72911,3,70.79,13.95,12.91,Algal covered rock,,,,,0.384615385
Gulf_of_Aqaba_HRN,29.502,34.9177,2018-03-10T15:25,HRN,2,1,1.7,1.8,1.3,16.8,78.4,HRN 1,1.2,Acanthuridae,Yellowtail tang,Zebrasoma xanthurum,urn:lsid:marinespecies.org:taxname:219681,https://www.marinespecies.org/aphia.php?p=taxdetails&id=219681,177.8956,117.4099407,ZX23,2.56.45691,4.01.53276,53,68.58,65.08,48.87,Algal covered rubble,,,,,0.979667283
Gulf_of_Aqaba_HRN,29.502,34.9177,2018-03-10T15:25,HRN,2,1,1.7,1.8,1.3,16.8,78.4,HRN 1,1.4,Acanthuridae,Yellowtail tang,Zebrasoma xanthurum,urn:lsid:marinespecies.org:taxname:219681,https://www.marinespecies.org/aphia.php?p=taxdetails&id=219681,177.8956,117.4099407,ZX23,5.11.67773,5.52.56110,49,32.89,40.88,71.91,Algal covered rubble,,,,,0.905730129
Gulf_of_Aqaba_HRN,29.502,34.9177,2018-03-10T15:25,HRN,2,1,1.7,1.8,1.3,16.8,78.4,HRN 1,1.4,Acanthuridae,Yellowtail tang,Zebrasoma xanthurum,urn:lsid:marinespecies.org:taxname:219681,https://www.marinespecies.org/aphia.php?p=taxdetails&id=219681,177.8956,117.4099407,ZX23,16.25.44820,17.04.02,18,97.57,39.49,27.35,Sand,,,,,1.651376147
Gulf_of_Aqaba_HRN,29.502,34.9177,2018-03-10T15:25,HRN,2,1,1.7,1.8,1.3,16.8,78.4,HRN 1,1.3,Acanthuridae,Yellowtail tang,Zebrasoma xanthurum,urn:lsid:marinespecies.org:taxname:219681,https://www.marinespecies.org/aphia.php?p=taxdetails&id=219681,170.2914,103.1683053,ZX24,13.45.20887,16.40.57392,149,89.38,175.37,50.98,Algal covered rubble,,,,,2.754158965
Gulf_of_Aqaba_HRN,29.502,34.9177,2018-03-10T15:25,HRN,2,1,1.7,1.8,1.3,16.8,78.4,HRN 1,1.3,Acanthuridae,Yellowtail tang,Zebrasoma xanthurum,urn:lsid:marinespecies.org:taxname:219681,https://www.marinespecies.org/aphia.php?p=taxdetails&id=219681,166.5333,96.5737461,ZX25,15.36.58392,17.05.908,79,42.69,89.32,53.07,Algal covered rubble,,,,,1.46025878
Gulf_of_Aqaba_HRN,29.502,34.9177,2018-03-10T15:25,HRN,2,1,1.7,1.8,1.3,16.8,78.4,HRN 1,1.4,Acanthuridae,Yellowtail tang,Zebrasoma xanthurum,urn:lsid:marinespecies.org:taxname:219681,https://www.marinespecies.org/aphia.php?p=taxdetails&id=219681,166.5333,96.5737461,ZX25,12.52.12706,13.32.3486,18,70.74,40.22,26.85,Sand,,,,,1.651376147
Gulf_of_Aqaba_HRN,29.502,34.9177,2018-03-10T15:25,HRN,2,1,1.7,1.8,1.3,16.8,78.4,HRN 1,1.4,Acanthuridae,Yellowtail tang,Zebrasoma xanthurum,urn:lsid:marinespecies.org:taxname:219681,https://www.marinespecies.org/aphia.php?p=taxdetails&id=219681,166.5333,96.5737461,ZX25,16.07.30,16.15.32470,9,114.22,7.45,72.47,Algal covered rubble,,,,,0.166358595
Gulf_of_Aqaba_HRN,29.502,34.9177,2018-03-10T15:25,HRN,2,1,1.7,1.8,1.3,16.8,78.4,HRN 1,1.4,Acanthuridae,Yellowtail tang,Zebrasoma xanthurum,urn:lsid:marinespecies.org:taxname:219681,https://www.marinespecies.org/aphia.php?p=taxdetails&id=219681,166.5333,96.5737461,ZX25,16.15.32470,16.34.41761,4,38.25,19.09,12.57,Dead coral,Favia,Faviinae,urn:lsid:marinespecies.org:taxname:718680,https://www.marinespecies.org/aphia.php?p=taxdetails&id=718680,0.242424242
Gulf_of_Aqaba_HRN,29.502,34.9177,2018-03-10T15:25,HRN,2,1,1.7,1.8,1.3,16.8,78.4,HRN 1,1.4,Acanthuridae,Yellowtail tang,Zebrasoma xanthurum,urn:lsid:marinespecies.org:taxname:219681,https://www.marinespecies.org/aphia.php?p=taxdetails&id=219681,166.5333,96.5737461,ZX25,16.34.41761,16.56.3298,29,105.14,21.91,79.41,Algal covered rubble,,,,,0.536044362
Gulf_of_Aqaba_HRN,29.502,34.9177,2018-03-10T15:25,HRN,2,1,1.7,1.8,1.3,16.8,78.4,HRN 1,1.4,Acanthuridae,Yellowtail tang,Zebrasoma xanthurum,urn:lsid:marinespecies.org:taxname:219681,https://www.marinespecies.org/aphia.php?p=taxdetails&id=219681,166.5333,96.5737461,ZX25,0.08.50205,0.15.24645,8,78.29,6.74,71.17,Sand,,,,,0.733944954
Gulf_of_Aqaba_HRN,29.502,34.9177,2018-03-10T15:25,HRN,2,1,1.7,1.8,1.3,16.8,78.4,HRN 1,1.4,Acanthuridae,Yellowtail tang,Zebrasoma xanthurum,urn:lsid:marinespecies.org:taxname:219681,https://www.marinespecies.org/aphia.php?p=taxdetails&id=219681,166.5333,96.5737461,ZX25,0.15.24645,0.28.15808,6,172.24,12.91,27.88,Live coral,,Platygyra daedalea,urn:lsid:marinespecies.org:taxname:207489,https://www.marinespecies.org/aphia.php?p=taxdetails&id=207489,0.560747664
Gulf_of_Aqaba_HRN,29.502,34.9177,2018-03-10T15:25,HRN,2,2,5.9,3.1,1.7,6.4,82.9,HRN 2,2.2,Acanthuridae,Brown surgeonfish,Acanthurus nigrofuscus,urn:lsid:marinespecies.org:taxname:219640,https://www.marinespecies.org/aphia.php?p=taxdetails&id=219640,65.12954,6.411685161,AN4,12.24.12899,12.51.12678,11,27.72,27,24.45,Dead coral,Unidentifiable,,,,0.666666667
Gulf_of_Aqaba_HRN,29.502,34.9177,2018-03-10T15:25,HRN,2,2,5.9,3.1,1.7,6.4,82.9,HRN 2,2.3,Acanthuridae,Brown surgeonfish,Acanthurus nigrofuscus,urn:lsid:marinespecies.org:taxname:219640,https://www.marinespecies.org/aphia.php?p=taxdetails&id=219640,123.9963,43.39856937,AN5,9.30.2783,9.50.4929,3,131.85,20.21,8.9,Dead coral,Unidentifiable,,,,0.181818182
Gulf_of_Aqaba_HRN,29.502,34.9177,2018-03-10T15:25,HRN,2,2,5.9,3.1,1.7,6.4,82.9,HRN 2,2.3,Acanthuridae,Yellowtail tang,Zebrasoma xanthurum,urn:lsid:marinespecies.org:taxname:219681,https://www.marinespecies.org/aphia.php?p=taxdetails&id=219681,151.0836,72.39342737,ZX26,15.50.2152,16.00.56335,3,95.28,10.35,17.39,Algal covered rock,,,,,0.384615385
Gulf_of_Aqaba_HRN,29.502,34.9177,2018-03-10T15:25,HRN,2,2,5.9,3.1,1.7,6.4,82.9,HRN 2,2.3,Acanthuridae,Yellowtail tang,Zebrasoma xanthurum,urn:lsid:marinespecies.org:taxname:219681,https://www.marinespecies.org/aphia.php?p=taxdetails&id=219681,151.0836,72.39342737,ZX26,16.00.56335,16.04.10445,2,23.75,3.54,33.89,Dead coral,Unidentifiable,,,,0.121212121
Gulf_of_Aqaba_HRN,29.502,34.9177,2018-03-10T15:25,HRN,2,3,1.2,26.3,5.7,12.9,53.9,HRN 3,3.2,Acanthuridae,Brown surgeonfish,Acanthurus nigrofuscus,urn:lsid:marinespecies.org:taxname:219640,https://www.marinespecies.org/aphia.php?p=taxdetails&id=219640,214.3843,220.645279,AN6,4.08.17356,4.13.27285,1,,5.1,11.77,Dead coral,Unidentifiable,,,,0.060606061
Gulf_of_Aqaba_HRN,29.502,34.9177,2018-03-10T15:25,HRN,2,3,1.2,26.3,5.7,12.9,53.9,HRN 3,3.2,Acanthuridae,Brown surgeonfish,Acanthurus nigrofuscus,urn:lsid:marinespecies.org:taxname:219640,https://www.marinespecies.org/aphia.php?p=taxdetails&id=219640,214.3843,220.645279,AN6,4.13.27285,4.20.21406,1,,6.94,8.64,Algal covered rock,,,,,0.128205128
Gulf_of_Aqaba_HRN,29.502,34.9177,2018-03-10T15:25,HRN,2,3,1.2,26.3,5.7,12.9,53.9,HRN 3,3.2,Acanthuridae,Brown surgeonfish,Acanthurus nigrofuscus,urn:lsid:marinespecies.org:taxname:219640,https://www.marinespecies.org/aphia.php?p=taxdetails&id=219640,214.3843,220.645279,AN6,4.20.21406,4.24.22827,7,23.28,4.01,104.63,Dead coral,Unidentifiable,,,,0.424242424
Gulf_of_Aqaba_HRN,29.502,34.9177,2018-03-10T15:25,HRN,2,3,1.2,26.3,5.7,12.9,53.9,HRN 3,3.2,Acanthuridae,Brown surgeonfish,Acanthurus nigrofuscus,urn:lsid:marinespecies.org:taxname:219640,https://www.marinespecies.org/aphia.php?p=taxdetails&id=219640,214.3843,220.645279,AN6,4.24.22827,4.28.36021,7,64.42,4.13,101.65,Algal covered rock,,,,,0.897435897
Gulf_of_Aqaba_HRN,29.502,34.9177,2018-03-10T15:25,HRN,2,3,1.2,26.3,5.7,12.9,53.9,HRN 3,3.4,Acanthuridae,Brown surgeonfish,Acanthurus nigrofuscus,urn:lsid:marinespecies.org:taxname:219640,https://www.marinespecies.org/aphia.php?p=taxdetails&id=219640,136.7001,57.98089679,AN7,5.44.57902,5.54.8930,19,77.3,10.31,110.53,Dead coral,,Stylophora pistillata,urn:lsid:marinespecies.org:taxname:206982,https://www.marinespecies.org/aphia.php?p=taxdetails&id=206982,1.151515152
Gulf_of_Aqaba_HRN,29.502,34.9177,2018-03-10T15:25,HRN,2,3,1.2,26.3,5.7,12.9,53.9,HRN 3,3.4,Acanthuridae,Brown surgeonfish,Acanthurus nigrofuscus,urn:lsid:marinespecies.org:taxname:219640,https://www.marinespecies.org/aphia.php?p=taxdetails&id=219640,123.1254,42.49952049,AN8,5.42.59030,6.20.7229,40,95.93,38.13,62.94,Dead coral,,Stylophora pistillata,urn:lsid:marinespecies.org:taxname:206982,https://www.marinespecies.org/aphia.php?p=taxdetails&id=206982,2.424242424
Gulf_of_Aqaba_HRN,29.502,34.9177,2018-03-10T15:25,HRN,2,3,1.2,26.3,5.7,12.9,53.9,HRN 3,3.4,Acanthuridae,Brown surgeonfish,Acanthurus nigrofuscus,urn:lsid:marinespecies.org:taxname:219640,https://www.marinespecies.org/aphia.php?p=taxdetails&id=219640,133.8051,54.40957296,AN9,5.49.93982,6.19.5782,20,85.78,29.64,40.49,Dead coral,,Stylophora pistillata,urn:lsid:marinespecies.org:taxname:206982,https://www.marinespecies.org/aphia.php?p=taxdetails&id=206982,1.212121212
Gulf_of_Aqaba_HRN,29.502,34.9177,2018-03-10T15:25,HRN,2,3,1.2,26.3,5.7,12.9,53.9,HRN 3,3.4,Acanthuridae,Brown surgeonfish,Acanthurus nigrofuscus,urn:lsid:marinespecies.org:taxname:219640,https://www.marinespecies.org/aphia.php?p=taxdetails&id=219640,132.2908,52.60106478,AN10,5.48.99001,6.01.68392,24,36.47,12.69,113.44,Dead coral,,Stylophora pistillata,urn:lsid:marinespecies.org:taxname:206982,https://www.marinespecies.org/aphia.php?p=taxdetails&id=206982,1.454545455
Gulf_of_Aqaba_HRN,29.502,34.9177,2018-03-10T15:25,HRN,2,3,1.2,26.3,5.7,12.9,53.9,HRN 3,3.4,Acanthuridae,Brown surgeonfish,Acanthurus nigrofuscus,urn:lsid:marinespecies.org:taxname:219640,https://www.marinespecies.org/aphia.php?p=taxdetails&id=219640,132.2908,52.60106478,AN10,6.01.68392,06.11.93,6,94.77,9.91,36.34,Dead coral,,Stylophora pistillata,urn:lsid:marinespecies.org:taxname:206982,https://www.marinespecies.org/aphia.php?p=taxdetails&id=206982,0.363636364
Gulf_of_Aqaba_HRN,29.502,34.9177,2018-03-10T15:25,HRN,2,3,1.2,26.3,5.7,12.9,53.9,HRN 3,3.4,Acanthuridae,Brown surgeonfish,Acanthurus nigrofuscus,urn:lsid:marinespecies.org:taxname:219640,https://www.marinespecies.org/aphia.php?p=taxdetails&id=219640,132.2908,52.60106478,AN10,06.11.93,6.21.11329,4,204.04,9.52,25.2,Dead coral,,Stylophora pistillata,urn:lsid:marinespecies.org:taxname:206982,https://www.marinespecies.org/aphia.php?p=taxdetails&id=206982,0.242424242
Gulf_of_Aqaba_HRN,29.502,34.9177,2018-03-10T15:25,HRN,2,3,1.2,26.3,5.7,12.9,53.9,HRN 3,3.4,Acanthuridae,Brown surgeonfish,Acanthurus nigrofuscus,urn:lsid:marinespecies.org:taxname:219640,https://www.marinespecies.org/aphia.php?p=taxdetails&id=219640,143.4951,66.96649952,AN11,5.47.89342,5.51.58221,3,55.67,3.68,48.93,Algal covered rock,,,,,0.384615385
Gulf_of_Aqaba_HRN,29.502,34.9177,2018-03-10T15:25,HRN,2,3,1.2,26.3,5.7,12.9,53.9,HRN 3,3.4,Acanthuridae,Brown surgeonfish,Acanthurus nigrofuscus,urn:lsid:marinespecies.org:taxname:219640,https://www.marinespecies.org/aphia.php?p=taxdetails&id=219640,143.4951,66.96649952,AN11,5.51.58221,6.14.10091,40,26.65,22.52,106.58,Dead coral,,Stylophora pistillata,urn:lsid:marinespecies.org:taxname:206982,https://www.marinespecies.org/aphia.php?p=taxdetails&id=206982,2.424242424
Gulf_of_Aqaba_HRN,29.502,34.9177,2018-03-10T15:25,HRN,2,3,1.2,26.3,5.7,12.9,53.9,HRN 3,3.4,Acanthuridae,Brown surgeonfish,Acanthurus nigrofuscus,urn:lsid:marinespecies.org:taxname:219640,https://www.marinespecies.org/aphia.php?p=taxdetails&id=219640,143.4951,66.96649952,AN11,6.14.10091,6.18.89500,6,38.69,4.79,75.09,Algal covered rock,,,,,0.769230769
Gulf_of_Aqaba_HRN,29.502,34.9177,2018-03-10T15:25,HRN,2,3,1.2,26.3,5.7,12.9,53.9,HRN 3,3.4,Acanthuridae,Brown surgeonfish,Acanthurus nigrofuscus,urn:lsid:marinespecies.org:taxname:219640,https://www.marinespecies.org/aphia.php?p=taxdetails&id=219640,143.4951,66.96649952,AN11,6.18.89500,6.23.58916,10,23.21,4.69,127.82,Dead coral,,Stylophora pistillata,urn:lsid:marinespecies.org:taxname:206982,https://www.marinespecies.org/aphia.php?p=taxdetails&id=206982,0.606060606
Gulf_of_Aqaba_HRN,29.502,34.9177,2018-03-10T15:25,HRN,2,3,1.2,26.3,5.7,12.9,53.9,HRN 3,3.4,Acanthuridae,Brown surgeonfish,Acanthurus nigrofuscus,urn:lsid:marinespecies.org:taxname:219640,https://www.marinespecies.org/aphia.php?p=taxdetails&id=219640,128.8613,48.653641,AN12,5.49.18240,6.13.82893,19,52.79,24.65,46.25,Dead coral,,Stylophora pistillata,urn:lsid:marinespecies.org:taxname:206982,https://www.marinespecies.org/aphia.php?p=taxdetails&id=206982,1.151515152
Gulf_of_Aqaba_HRN,29.502,34.9177,2018-03-10T15:25,HRN,2,3,1.2,26.3,5.7,12.9,53.9,HRN 3,3.4,Acanthuridae,Brown surgeonfish,Acanthurus nigrofuscus,urn:lsid:marinespecies.org:taxname:219640,https://www.marinespecies.org/aphia.php?p=taxdetails&id=219640,128.8613,48.653641,AN12,6.13.82893,6.15.66930,1,,1.84,32.6,Dead coral,Unidentifiable,,,,0.060606061
Gulf_of_Aqaba_HRN,29.502,34.9177,2018-03-10T15:25,HRN,2,3,1.2,26.3,5.7,12.9,53.9,HRN 3,3.4,Acanthuridae,Brown surgeonfish,Acanthurus nigrofuscus,urn:lsid:marinespecies.org:taxname:219640,https://www.marinespecies.org/aphia.php?p=taxdetails&id=219640,128.8613,48.653641,AN12,6.15.66930,6.19.46938,3,29.69,3.8,47.37,Algal covered rock,,,,,0.384615385
Gulf_of_Aqaba_HRN,29.502,34.9177,2018-03-10T15:25,HRN,2,3,1.2,26.3,5.7,12.9,53.9,HRN 3,3.4,Acanthuridae,Brown surgeonfish,Acanthurus nigrofuscus,urn:lsid:marinespecies.org:taxname:219640,https://www.marinespecies.org/aphia.php?p=taxdetails&id=219640,128.8613,48.653641,AN12,6.19.46938,6.23.9052,2,32.68,4.44,27.05,Dead coral,Unidentifiable,,,,0.121212121
Gulf_of_Aqaba_HRN,29.502,34.9177,2018-03-10T15:25,HRN,2,3,1.2,26.3,5.7,12.9,53.9,HRN 3,3.4,Acanthuridae,Brown surgeonfish,Acanthurus nigrofuscus,urn:lsid:marinespecies.org:taxname:219640,https://www.marinespecies.org/aphia.php?p=taxdetails&id=219640,129.6855,49.5837097,AN13,5.42.8539,6.06.34396,34,23.78,23.49,86.85,Dead coral,,Stylophora pistillata,urn:lsid:marinespecies.org:taxname:206982,https://www.marinespecies.org/aphia.php?p=taxdetails&id=206982,2.060606061
Gulf_of_Aqaba_HRN,29.502,34.9177,2018-03-10T15:25,HRN,2,3,1.2,26.3,5.7,12.9,53.9,HRN 3,3.4,Acanthuridae,Brown surgeonfish,Acanthurus nigrofuscus,urn:lsid:marinespecies.org:taxname:219640,https://www.marinespecies.org/aphia.php?p=taxdetails&id=219640,129.6855,49.5837097,AN13,6.06.34396,6.17.69119,7,70.05,11.35,37.01,Dead coral,,,,,0.424242424
Gulf_of_Aqaba_HRN,29.502,34.9177,2018-03-10T15:25,HRN,2,3,1.2,26.3,5.7,12.9,53.9,HRN 3,3.4,Acanthuridae,Brown surgeonfish,Acanthurus nigrofuscus,urn:lsid:marinespecies.org:taxname:219640,https://www.marinespecies.org/aphia.php?p=taxdetails&id=219640,134.8322,55.65940382,AN14,5.45.5890,6.19.68009,16,40.67,34.09,28.16,Dead coral,,Stylophora pistillata,urn:lsid:marinespecies.org:taxname:206982,https://www.marinespecies.org/aphia.php?p=taxdetails&id=206982,0.96969697
Gulf_of_Aqaba_HRN,29.502,34.9177,2018-03-10T15:25,HRN,2,3,1.2,26.3,5.7,12.9,53.9,HRN 3,3.4,Acanthuridae,Brown surgeonfish,Acanthurus nigrofuscus,urn:lsid:marinespecies.org:taxname:219640,https://www.marinespecies.org/aphia.php?p=taxdetails&id=219640,132.6732,53.05393646,AN15,5.52.9500,6.40.97290,29,58.68,48.02,36.23,Dead coral,,Stylophora pistillata,urn:lsid:marinespecies.org:taxname:206982,https://www.marinespecies.org/aphia.php?p=taxdetails&id=206982,1.757575758
Gulf_of_Aqaba_HRN,29.502,34.9177,2018-03-10T15:25,HRN,2,3,1.2,26.3,5.7,12.9,53.9,HRN 3,3.4,Acanthuridae,Brown surgeonfish,Acanthurus nigrofuscus,urn:lsid:marinespecies.org:taxname:219640,https://www.marinespecies.org/aphia.php?p=taxdetails&id=219640,127.7945,47.46709143,AN16,6.23.35681,6.35.48997,11,33.93,12.13,54.4,Dead coral,,Stylophora pistillata,urn:lsid:marinespecies.org:taxname:206982,https://www.marinespecies.org/aphia.php?p=taxdetails&id=206982,0.666666667
Gulf_of_Aqaba_HRN,29.502,34.9177,2018-03-10T15:25,HRN,2,3,1.2,26.3,5.7,12.9,53.9,HRN 3,3.4,Acanthuridae,Brown surgeonfish,Acanthurus nigrofuscus,urn:lsid:marinespecies.org:taxname:219640,https://www.marinespecies.org/aphia.php?p=taxdetails&id=219640,123.2387,42.61577674,AN17,6.23.99790,6.33.59021,12,36.96,9.59,75.06,Dead coral,,Stylophora pistillata,urn:lsid:marinespecies.org:taxname:206982,https://www.marinespecies.org/aphia.php?p=taxdetails&id=206982,0.727272727
Gulf_of_Aqaba_HRN,29.502,34.9177,2018-03-10T15:25,HRN,2,3,1.2,26.3,5.7,12.9,53.9,HRN 3,3.4,Acanthuridae,Brown surgeonfish,Acanthurus nigrofuscus,urn:lsid:marinespecies.org:taxname:219640,https://www.marinespecies.org/aphia.php?p=taxdetails&id=219640,132.2409,52.54215865,AN18,6.19.69223,6.40.12372,9,79.97,20.43,26.43,Dead coral,,Stylophora pistillata,urn:lsid:marinespecies.org:taxname:206982,https://www.marinespecies.org/aphia.php?p=taxdetails&id=206982,0.545454545
Gulf_of_Aqaba_HRN,29.502,34.9177,2018-03-10T15:25,HRN,2,3,1.2,26.3,5.7,12.9,53.9,HRN 3,3.4,Acanthuridae,Brown surgeonfish,Acanthurus nigrofuscus,urn:lsid:marinespecies.org:taxname:219640,https://www.marinespecies.org/aphia.php?p=taxdetails&id=219640,121.664,41.01879578,AN19,11.12.39,11.23.79309,9,42.75,11.21,48.17,Dead coral,,Stylophora pistillata,urn:lsid:marinespecies.org:taxname:206982,https://www.marinespecies.org/aphia.php?p=taxdetails&id=206982,0.545454545
Gulf_of_Aqaba_HRN,29.502,34.9177,2018-03-10T15:25,HRN,2,3,1.2,26.3,5.7,12.9,53.9,HRN 3,3.4,Acanthuridae,Brown surgeonfish,Acanthurus nigrofuscus,urn:lsid:marinespecies.org:taxname:219640,https://www.marinespecies.org/aphia.php?p=taxdetails&id=219640,121.664,41.01879578,AN19,11.23.79309,11.38.59033,10,44,14.8,40.55,Algal covered rubble,,,,,0.184842884
Gulf_of_Aqaba_HRN,29.502,34.9177,2018-03-10T15:25,HRN,2,3,1.2,26.3,5.7,12.9,53.9,HRN 3,3.4,Acanthuridae,Brown surgeonfish,Acanthurus nigrofuscus,urn:lsid:marinespecies.org:taxname:219640,https://www.marinespecies.org/aphia.php?p=taxdetails&id=219640,127.1096,46.71552157,AN20,11.10.48001,11.11.90967,2,27.79,1.43,83.94,Dead coral,Unidentifiable,,,,0.121212121
Gulf_of_Aqaba_HRN,29.502,34.9177,2018-03-10T15:25,HRN,2,3,1.2,26.3,5.7,12.9,53.9,HRN 3,3.4,Acanthuridae,Brown surgeonfish,Acanthurus nigrofuscus,urn:lsid:marinespecies.org:taxname:219640,https://www.marinespecies.org/aphia.php?p=taxdetails&id=219640,127.1096,46.71552157,AN20,11.11.90967,11.30.00284,26,33.34,18.09,86.22,Algal covered rock,,,,,3.333333333
Gulf_of_Aqaba_HRN,29.502,34.9177,2018-03-10T15:25,HRN,2,3,1.2,26.3,5.7,12.9,53.9,HRN 3,3.4,Acanthuridae,Brown surgeonfish,Acanthurus nigrofuscus,urn:lsid:marinespecies.org:taxname:219640,https://www.marinespecies.org/aphia.php?p=taxdetails&id=219640,127.1096,46.71552157,AN20,11.30.00284,11.35.58923,2,93.48,5.59,21.48,Dead coral,Unidentifiable,,,,0.121212121